ステップ,荷重0,変位計1,変位計2,変位計3,変位計4,変位計5,変位計6,変位計7,変位計8,変位計9,変位計10,変位計11,変位計12,変位計13,荷重14,日時,分秒,,γ,θ,γ0,γ1-2,,変位計1
11,0,-0.19,0,-0.01,0,0,0,0,0,0,-0.02,-0.02,0,0,-3,2710,3929,,0,6.66667E-06,6.66667E-06,-7.83505E-05,0,-0.19
12,14,0.15,0.02,0,0.01,0.01,-0.01,0,0,0,-0.02,0.28,1,0,40,2710,4134,,0.000493827,6.66667E-06,0.000500494,5.36082E-05,14,0.15
13,26,0.81,0.02,0.01,0,0,-0.01,0.01,0,0,-0.04,0.54,2,0,63,2710,4135,,0.000987654,-6.66667E-06,0.000980988,0.000325773,26,0.81
14,38,1.48,0.02,0.01,-0.01,0,-0.01,0.01,0,-0.04,-0.08,0.84,2.5,1,90,2710,4136,,0.000740741,-1.33333E-05,0.000727407,0.000602062,38,1.48
15,47,2.17,0.03,0.02,0,0.01,-0.01,0.03,0,-0.06,-0.14,1.1,4,0,113,2710,4138,,0.001975309,-1.33333E-05,0.001961975,0.000882474,47,2.17
16,60,2.94,0.04,0.02,-0.01,0.02,-0.01,0.02,-0.01,-0.08,-0.2,1.42,4,0.5,138,2710,4139,,0.001728395,-0.00002,0.001708395,0.001195876,60,2.94
17,78,3.8,0.13,0.02,0.01,0.02,-0.01,0.04,0,-0.12,-0.24,1.74,5.5,0,168,2710,4141,,0.002716049,-6.66667E-06,0.002709383,0.001513402,78,3.8
18,88,4.56,0.13,0.02,0,0.03,0,0.05,-0.01,-0.16,-0.28,2.06,6,2.5,200,2710,4142,,0.001728395,-1.33333E-05,0.001715062,0.001826804,88,4.56
19,98,5.43,0.13,0.01,0,0.04,-0.01,0.05,0,-0.22,-0.34,2.38,7,2,233,2710,4144,,0.002469136,-6.66667E-06,0.002462469,0.002185567,98,5.43
20,112,6.3,0.12,0.02,0.01,0.04,-0.01,0.04,0,-0.28,-0.4,2.68,7,-1,265,2710,4145,,0.003950617,-6.66667E-06,0.003943951,0.002548454,112,6.3
21,127,7.07,0.22,0.02,0,0.05,-0.01,0.05,-0.01,-0.32,-0.5,3,8.5,-0.5,295,2710,4147,,0.004444444,-1.33333E-05,0.004431111,0.002824742,127,7.07
22,105,7.65,0.23,0.03,0.01,0.05,-0.01,0.04,0,-0.32,-0.54,3.08,7.5,-1.5,178,2710,4210,,0.004444444,-1.33333E-05,0.004431111,0.003059794,105,7.65
23,68,6.68,0.22,0.02,-0.01,0.05,-0.02,0.02,0.01,-0.22,-0.4,2.72,6.5,0.5,90,2710,4212,,0.002962963,-0.00002,0.002942963,0.002663918,68,6.68
24,33,5.72,0.23,0.01,-0.01,0.06,-0.01,0.01,0.01,-0.1,-0.26,2.16,5.5,0,18,2710,4214,,0.002716049,-1.33333E-05,0.002702716,0.002263918,33,5.72
25,16,4.76,0.22,0.01,-0.01,0.06,0,-0.01,0.02,0,-0.14,1.54,5,-0.5,-3,2710,4215,,0.002716049,-1.33333E-05,0.002702716,0.001872165,16,4.76
26,6,3.72,0.13,0,-0.02,0.07,-0.02,-0.02,0.01,0.08,0,0.9,3.5,0.5,-20,2710,4217,,0.001481481,-1.33333E-05,0.001468148,0.001480412,6,3.72
27,-6,2.73,0.13,0,-0.02,0.05,-0.03,-0.03,0.02,0.12,0.1,0.4,2.5,-0.5,-30,2710,4219,,0.001481481,-1.33333E-05,0.001468148,0.001072165,-6,2.73
28,-4,2.25,0.12,0.01,0.01,0.05,-0.04,-0.03,0.01,0.14,0.16,0.38,3,-0.5,-25,2710,4221,,0.001728395,0,0.001728395,0.000878351,-4,2.25
29,2,2.65,0.13,0.03,0,0.05,-0.05,-0.01,0.01,0.14,0.14,0.8,3.5,-1,-8,2710,4243,,0.002222222,-0.00002,0.002202222,0.001039175,2,2.65
30,16,3.61,0.12,0.02,0,0.04,-0.04,0,0.01,0.1,0.04,1.44,5,-0.5,13,2710,4244,,0.002716049,-1.33333E-05,0.002702716,0.001439175,16,3.61
31,31,4.57,0.13,0.02,0,0.05,-0.04,0.02,0.01,0.04,-0.06,2,6,2.5,60,2710,4246,,0.001728395,-1.33333E-05,0.001715062,0.001830928,31,4.57
32,56,5.43,0.17,0.01,0,0.05,-0.04,0.02,0.01,-0.04,-0.14,2.32,7.5,0.5,133,2710,4247,,0.00345679,-6.66667E-06,0.003450123,0.002169072,56,5.43
33,84,6.31,0.23,0.01,0,0.06,-0.03,0.04,0.01,-0.16,-0.3,2.64,7.5,0,205,2710,4249,,0.003703704,-6.66667E-06,0.003697037,0.002507216,84,6.31
34,109,7.17,0.24,0.02,0,0.06,-0.03,0.02,0,-0.26,-0.42,2.96,9,-1.5,268,2710,4251,,0.005185185,-1.33333E-05,0.005171852,0.002857732,109,7.17
35,132,7.93,0.24,0.02,-0.01,0.06,-0.03,0.03,0.02,-0.36,-0.58,3.26,9,0.5,320,2710,4252,,0.004197531,-0.00002,0.004177531,0.003171134,132,7.93
36,152,8.8,0.22,0.01,-0.01,0.06,-0.03,0.02,0.02,-0.44,-0.68,3.58,10.5,1,358,2710,4254,,0.004691358,-1.33333E-05,0.004678025,0.003538144,152,8.8
37,168,9.68,0.24,0.11,0,0.07,-0.02,0.01,0.02,-0.48,-0.76,3.86,10.5,1,395,2710,4255,,0.004691358,-7.33333E-05,0.004618025,0.003892784,168,9.68
38,181,10.44,0.33,0.11,-0.01,0.07,-0.03,0.01,0.02,-0.54,-0.86,4.1,12,1.5,420,2710,4257,,0.005185185,-0.00008,0.005105185,0.004169072,181,10.44
39,191,11.31,0.33,0.11,-0.01,0.07,-0.03,-0.01,0.02,-0.58,-0.94,4.36,12,1,455,2710,4258,,0.005432099,-0.00008,0.005352099,0.004527835,191,11.31
40,202,12.17,0.34,0.11,-0.02,0.06,-0.04,-0.01,0.02,-0.6,-1.02,4.58,13.5,1,483,2710,4300,,0.00617284,-8.66667E-05,0.006086173,0.004878351,202,12.17
41,213,13.12,0.33,0.12,0,0.07,-0.05,-0.03,0.01,-0.62,-1.08,4.8,12.5,1.5,513,2710,4302,,0.005432099,-0.00008,0.005352099,0.005274227,213,13.12
42,186,13.42,0.44,0.12,-0.01,0.06,-0.05,-0.03,0.02,-0.56,-1.04,4.8,13.5,1,390,2710,4327,,0.00617284,-8.66667E-05,0.006086173,0.005352577,186,13.42
43,145,12.55,0.44,0.12,0,0.08,-0.04,-0.04,0.04,-0.44,-0.88,4.58,12.5,1,298,2710,4329,,0.005679012,-0.00008,0.005599012,0.004993814,145,12.55
44,114,11.69,0.44,0.12,0.01,0.07,-0.04,-0.05,0.04,-0.32,-0.74,4.36,11.5,0,213,2710,4330,,0.005679012,-7.33333E-05,0.005605679,0.004639175,114,11.69
45,88,10.91,0.4,0.11,-0.01,0.08,-0.04,-0.05,0.04,-0.2,-0.6,4.02,11,0.5,148,2710,4332,,0.005185185,-0.00008,0.005105185,0.004334021,88,10.91
46,65,10.06,0.33,0.11,0,0.08,-0.04,-0.06,0.05,-0.08,-0.44,3.56,10,0.5,95,2710,4333,,0.004691358,-7.33333E-05,0.004618025,0.004012371,65,10.06
47,45,9.27,0.34,0.11,-0.01,0.08,-0.05,-0.06,0.04,0,-0.3,3.24,9.5,0.5,45,2710,4335,,0.004444444,-0.00008,0.004364444,0.003682474,45,9.27
48,27,8.52,0.34,0.11,-0.01,0.07,-0.04,-0.03,0.05,0.1,-0.2,2.74,8.5,0,23,2710,4336,,0.004197531,-0.00008,0.004117531,0.003373196,27,8.52
49,20,7.64,0.32,0.12,0.01,0.08,-0.05,-0.03,0.06,0.18,-0.06,2.12,7.5,1,3,2710,4338,,0.003209877,-7.33333E-05,0.003136543,0.003018557,20,7.64
50,8,6.79,0.23,0.1,-0.01,0.08,-0.05,-0.03,0.06,0.24,0.06,1.6,7,0,-13,2710,4339,,0.00345679,-7.33333E-05,0.003383457,0.002705155,8,6.79
51,-3,5.92,0.23,0.1,-0.02,0.08,-0.06,-0.02,0.05,0.32,0.2,1.08,7,1.5,-28,2710,4341,,0.002716049,-0.00008,0.002636049,0.002346392,-3,5.92
52,-12,5,0.24,0.11,-0.02,0.08,-0.06,-0.02,0.05,0.4,0.24,0.56,5,0,-38,2710,4342,,0.002469136,-8.66667E-05,0.002382469,0.001962887,-12,5
53,-2,4.47,0.23,0.12,0,0.07,-0.07,-0.01,0.05,0.42,0.28,0.78,5.5,-1.5,-18,2710,4414,,0.00345679,-0.00008,0.00337679,0.001748454,-2,4.47
54,12,5.43,0.23,0.12,-0.01,0.07,-0.08,0,0.06,0.38,0.22,1.4,6.5,-1,3,2710,4416,,0.003703704,-8.66667E-05,0.003617037,0.00214433,12,5.43
55,25,6.39,0.26,0.11,0,0.07,-0.08,0.02,0.06,0.32,0.14,2.08,7,-1,28,2710,4417,,0.003950617,-7.33333E-05,0.003877284,0.002527835,25,6.39
56,39,7.18,0.27,0.11,0,0.07,-0.07,0.04,0.05,0.26,0.04,2.5,9,-1,68,2710,4419,,0.004938272,-7.33333E-05,0.004864938,0.002849485,39,7.18
57,61,8.01,0.34,0.11,-0.02,0.06,-0.06,0.04,0.05,0.16,-0.06,2.84,9,-1,130,2710,4420,,0.004938272,-8.66667E-05,0.004851605,0.003162887,61,8.01
58,85,8.82,0.34,0.11,0,0.08,-0.06,0.04,0.05,0.04,-0.18,3.14,10.5,-1.5,193,2710,4422,,0.005925926,-7.33333E-05,0.005852593,0.003496907,85,8.82
59,108,9.58,0.34,0.11,0,0.1,-0.05,0.04,0.05,-0.06,-0.32,3.42,11,-1.5,248,2710,4423,,0.00617284,-7.33333E-05,0.006099506,0.003810309,108,9.58
60,128,10.44,0.33,0.12,0.01,0.08,-0.06,0.03,0.03,-0.2,-0.48,3.78,11,-1,305,2710,4425,,0.005925926,-7.33333E-05,0.005852593,0.004169072,128,10.44
61,149,11.3,0.34,0.11,-0.02,0.08,-0.05,0.02,0.05,-0.28,-0.62,4.08,12,-0.5,360,2710,4426,,0.00617284,-8.66667E-05,0.006086173,0.004519588,149,11.3
62,172,12.08,0.34,0.11,-0.01,0.08,-0.06,0,0.05,-0.38,-0.78,4.32,13,-1,420,2710,4428,,0.00691358,-0.00008,0.00683358,0.004841237,172,12.08
63,190,12.93,0.34,0.21,0.01,0.08,-0.06,-0.02,0.04,-0.48,-0.96,4.58,14,-1,473,2710,4429,,0.007407407,-0.000133333,0.007274074,0.005191753,190,12.93
64,216,13.82,0.45,0.23,0,0.08,-0.07,-0.03,0.06,-0.54,-1.02,4.84,14.5,-1,525,2710,4431,,0.007654321,-0.000153333,0.007500988,0.005513402,216,13.82
65,234,14.68,0.44,0.22,0,0.08,-0.06,-0.04,0.05,-0.6,-1.14,5.04,16,-1.5,560,2710,4433,,0.008641975,-0.000146667,0.008495309,0.005872165,234,14.68
66,245,15.45,0.44,0.22,0,0.08,-0.06,-0.05,0.04,-0.62,-1.2,5.22,16.5,-0.5,593,2710,4434,,0.008395062,-0.000146667,0.008248395,0.006189691,245,15.45
67,258,16.31,0.43,0.22,-0.01,0.09,-0.07,-0.04,0.03,-0.6,-1.26,5.38,17.5,-1,620,2710,4436,,0.009135802,-0.000153333,0.008982469,0.006548454,258,16.31
68,270,17.09,0.44,0.22,-0.01,0.09,-0.08,-0.05,0.05,-0.6,-1.3,5.52,18,-0.5,645,2710,4437,,0.009135802,-0.000153333,0.008982469,0.006865979,270,17.09
69,279,17.93,0.44,0.22,0,0.09,-0.08,-0.07,0.04,-0.6,-1.32,5.66,19,-0.5,670,2710,4439,,0.00962963,-0.000146667,0.009482963,0.007212371,279,17.93
70,286,18.81,0.54,0.24,-0.01,0.09,-0.09,-0.07,0.04,-0.58,-1.36,5.8,19,-0.5,693,2710,4440,,0.00962963,-0.000166667,0.009462963,0.007534021,286,18.81
71,297,19.69,0.54,0.34,0,0.09,-0.09,-0.07,0.05,-0.58,-1.4,5.96,20.5,-1.5,723,2710,4442,,0.010864198,-0.000226667,0.010637531,0.007896907,297,19.69
72,307,20.44,0.56,0.32,0,0.09,-0.09,-0.08,0.05,-0.54,-1.42,6.08,22,-0.5,748,2710,4443,,0.011111111,-0.000213333,0.010897778,0.008197938,307,20.44
73,310,21.14,0.53,0.33,0.01,0.1,-0.09,-0.08,0.04,-0.5,-1.44,6.1,21.5,-0.5,730,2710,4445,,0.010864198,-0.000213333,0.010650864,0.008498969,310,21.14
74,262,20.83,0.55,0.33,-0.01,0.11,-0.09,-0.09,0.05,-0.38,-1.34,6.08,20.5,-0.5,583,2710,4651,,0.01037037,-0.000226667,0.010143704,0.008362887,262,20.83
75,218,20.07,0.68,0.32,-0.02,0.11,-0.1,-0.1,0.07,-0.26,-1.18,5.98,19.5,0,490,2710,4652,,0.00962963,-0.000226667,0.009402963,0.007995876,218,20.07
76,190,19.31,0.65,0.32,0,0.11,-0.09,-0.11,0.08,-0.16,-1.06,5.82,19.5,0,410,2710,4654,,0.00962963,-0.000213333,0.009416296,0.007694845,190,19.31
77,162,18.53,0.6,0.32,-0.01,0.11,-0.09,-0.12,0.09,-0.06,-0.92,5.64,18.5,0,338,2710,4655,,0.009135802,-0.00022,0.008915802,0.007393814,162,18.53
78,135,17.66,0.55,0.33,-0.01,0.1,-0.08,-0.12,0.1,0.06,-0.72,5.42,17,0.5,260,2710,4657,,0.008148148,-0.000226667,0.007921481,0.00705567,135,17.66
79,110,16.86,0.55,0.33,0,0.12,-0.07,-0.12,0.1,0.18,-0.56,5.12,16.5,0.5,200,2710,4658,,0.007901235,-0.00022,0.007681235,0.006725773,110,16.86
80,88,16.03,0.54,0.32,-0.01,0.12,-0.08,-0.12,0.1,0.32,-0.4,4.66,16,0.5,150,2710,4700,,0.007654321,-0.00022,0.007434321,0.006387629,88,16.03
81,67,15.15,0.56,0.31,-0.01,0.11,-0.07,-0.09,0.1,0.42,-0.24,4.38,15,1.5,98,2710,4701,,0.006666667,-0.000213333,0.006453333,0.006016495,67,15.15
82,51,14.28,0.56,0.32,-0.01,0.11,-0.06,-0.07,0.11,0.52,-0.08,4.02,14,0.5,58,2710,4703,,0.006666667,-0.00022,0.006446667,0.005657732,51,14.28
83,37,13.41,0.55,0.31,-0.01,0.11,-0.06,-0.06,0.11,0.6,0.06,3.52,13,0,35,2710,4704,,0.006419753,-0.000213333,0.00620642,0.005303093,37,13.41
84,26,12.54,0.52,0.32,-0.01,0.11,-0.07,-0.05,0.11,0.66,0.18,2.96,12.5,-0.5,18,2710,4706,,0.006419753,-0.00022,0.006199753,0.004956701,26,12.54
85,18,11.68,0.43,0.32,-0.01,0.11,-0.08,-0.05,0.11,0.76,0.34,2.4,12,-0.5,3,2710,4707,,0.00617284,-0.00022,0.00595284,0.004639175,18,11.68
86,10,10.71,0.45,0.33,0,0.1,-0.07,-0.04,0.1,0.84,0.44,1.84,11,-0.5,-5,2710,4709,,0.005679012,-0.00022,0.005459012,0.004230928,10,10.71
87,6,10.05,0.44,0.32,0.01,0.09,-0.07,-0.04,0.1,0.86,0.5,1.66,11.5,-1,-13,2710,4711,,0.00617284,-0.000206667,0.005966173,0.003962887,6,10.05
88,19,10.26,0.43,0.34,0,0.1,-0.07,-0.04,0.11,0.82,0.48,2.18,11.5,-1.5,18,2710,5028,,0.006419753,-0.000226667,0.006193086,0.004053608,19,10.26
89,34,11.17,0.43,0.35,0,0.1,-0.07,-0.02,0.1,0.78,0.4,2.82,12.5,0,45,2710,5030,,0.00617284,-0.000233333,0.005939506,0.004428866,34,11.17
90,48,11.97,0.43,0.33,-0.01,0.11,-0.07,-0.01,0.11,0.72,0.34,3.44,14,1.5,80,2710,5031,,0.00617284,-0.000226667,0.005946173,0.004758763,48,11.97
91,65,12.84,0.44,0.32,0,0.11,-0.06,0,0.1,0.58,0.14,3.82,13.5,1.5,133,2710,5033,,0.005925926,-0.000213333,0.005712593,0.005113402,65,12.84
92,92,13.71,0.45,0.33,-0.01,0.12,-0.06,0.01,0.11,0.46,0,4.14,15,1.5,198,2710,5034,,0.006666667,-0.000226667,0.00644,0.005468041,92,13.71
93,116,14.48,0.54,0.32,-0.01,0.13,-0.05,0.02,0.1,0.34,-0.14,4.4,16,0,263,2710,5036,,0.007901235,-0.00022,0.007681235,0.005748454,116,14.48
94,136,15.33,0.54,0.32,-0.01,0.12,-0.06,0.01,0.1,0.22,-0.34,4.64,16.5,1,323,2710,5037,,0.007654321,-0.00022,0.007434321,0.006098969,136,15.33
95,159,16.11,0.55,0.33,0,0.12,-0.06,0,0.1,0.12,-0.48,4.92,16.5,1,380,2710,5039,,0.007654321,-0.00022,0.007434321,0.006416495,159,16.11
96,183,16.97,0.55,0.34,0,0.12,-0.06,-0.03,0.11,0.02,-0.64,5.2,17.5,1.5,438,2710,5040,,0.007901235,-0.000226667,0.007674568,0.006771134,183,16.97
97,204,17.75,0.55,0.33,0,0.12,-0.06,-0.04,0.11,-0.08,-0.8,5.42,19,1.5,498,2710,5042,,0.008641975,-0.00022,0.008421975,0.007092784,204,17.75
98,225,18.53,0.54,0.32,0,0.13,-0.06,-0.05,0.11,-0.16,-0.94,5.58,19.5,2,553,2710,5043,,0.008641975,-0.000213333,0.008428642,0.007418557,225,18.53
99,245,19.39,0.54,0.33,0,0.12,-0.07,-0.07,0.11,-0.24,-1.06,5.76,19.5,2,610,2710,5045,,0.008641975,-0.00022,0.008421975,0.007773196,245,19.39
100,267,20.18,0.54,0.39,0,0.13,-0.07,-0.07,0.11,-0.3,-1.2,5.88,21,2.5,668,2710,5046,,0.009135802,-0.00026,0.008875802,0.008098969,267,20.18
101,288,20.93,0.54,0.43,-0.01,0.13,-0.08,-0.08,0.11,-0.34,-1.26,6.02,21.5,3,720,2710,5048,,0.009135802,-0.000293333,0.008842469,0.008408247,288,20.93
102,311,21.71,0.58,0.43,0,0.13,-0.09,-0.09,0.11,-0.38,-1.32,6.16,22.5,3,763,2710,5049,,0.00962963,-0.000286667,0.009342963,0.008713402,311,21.71
103,325,22.59,0.67,0.44,-0.02,0.13,-0.08,-0.09,0.11,-0.38,-1.36,6.28,23,3.5,795,2710,5051,,0.00962963,-0.000306667,0.009322963,0.009039175,325,22.59
104,332,23.26,0.65,0.43,-0.01,0.14,-0.09,-0.09,0.11,-0.36,-1.4,6.4,23.5,3.5,820,2710,5052,,0.009876543,-0.000293333,0.00958321,0.009323711,332,23.26
105,344,24.02,0.66,0.43,-0.01,0.13,-0.1,-0.11,0.1,-0.38,-1.4,6.5,24.5,3,843,2710,5054,,0.010617284,-0.000293333,0.010323951,0.00963299,344,24.02
106,350,24.8,0.65,0.43,0,0.13,-0.1,-0.11,0.1,-0.34,-1.44,6.58,25,2.5,865,2710,5055,,0.011111111,-0.000286667,0.010824444,0.009958763,350,24.8
107,362,25.66,0.75,0.42,-0.01,0.13,-0.11,-0.12,0.1,-0.3,-1.42,6.66,26,3,888,2710,5057,,0.011358025,-0.000286667,0.011071358,0.010272165,362,25.66
108,371,26.45,0.66,0.43,-0.01,0.13,-0.1,-0.12,0.11,-0.28,-1.42,6.76,26.5,3.5,908,2710,5058,,0.011358025,-0.000293333,0.011064691,0.010635052,371,26.45
109,379,27.21,0.65,0.43,-0.02,0.13,-0.1,-0.12,0.11,-0.22,-1.42,6.82,28,3.5,930,2710,5100,,0.012098765,-0.0003,0.011798765,0.010952577,379,27.21
110,388,28,0.65,0.52,0,0.13,-0.1,-0.13,0.11,-0.16,-1.42,6.9,28.5,2.5,948,2710,5101,,0.012839506,-0.000346667,0.01249284,0.011278351,388,28
111,395,28.86,0.75,0.54,0,0.13,-0.11,-0.14,0.1,-0.12,-1.4,6.98,29.5,2.5,970,2710,5103,,0.013333333,-0.00036,0.012973333,0.011591753,395,28.86
112,402,29.65,0.75,0.54,0,0.13,-0.11,-0.14,0.1,-0.08,-1.4,7.08,30,2.5,990,2710,5105,,0.013580247,-0.00036,0.013220247,0.011917526,402,29.65
113,415,30.51,0.75,0.54,0,0.13,-0.11,-0.14,0.1,-0.02,-1.46,7.12,31.5,2.5,1010,2710,5106,,0.014320988,-0.00036,0.013960988,0.012272165,415,30.51
114,425,31.27,0.73,0.55,0,0.13,-0.11,-0.14,0.1,0.02,-1.42,7.22,31.5,2.5,1028,2710,5108,,0.014320988,-0.000366667,0.013954321,0.012593814,425,31.27
115,429,32.14,0.75,0.55,0.01,0.14,-0.12,-0.15,0.09,0.08,-1.42,7.26,32,2,1048,2710,5109,,0.014814815,-0.00036,0.014454815,0.01294433,429,32.14
116,437,32.89,0.76,0.54,0,0.15,-0.1,-0.14,0.1,0.12,-1.42,7.32,33.5,2.5,1068,2710,5111,,0.015308642,-0.00036,0.014948642,0.013249485,437,32.89
117,444,33.69,0.75,0.65,0,0.15,-0.12,-0.14,0.1,0.2,-1.38,7.4,33.5,2.5,1083,2710,5112,,0.015308642,-0.000433333,0.014875309,0.013583505,444,33.69
118,454,34.46,0.86,0.65,0,0.16,-0.12,-0.15,0.1,0.24,-1.38,7.46,35.5,2.5,1100,2710,5114,,0.016296296,-0.000433333,0.015862963,0.01385567,454,34.46
119,461,35.25,0.85,0.65,-0.01,0.17,-0.11,-0.14,0.11,0.3,-1.38,7.5,35.5,3.5,1120,2710,5115,,0.015802469,-0.00044,0.015362469,0.014185567,461,35.25
120,468,35.98,0.86,0.65,0,0.16,-0.11,-0.14,0.11,0.36,-1.34,7.54,36,3.5,1135,2710,5117,,0.016049383,-0.000433333,0.015616049,0.014482474,468,35.98
121,480,36.69,0.85,0.64,-0.01,0.17,-0.1,-0.14,0.11,0.42,-1.3,7.6,37.5,3.5,1153,2710,5118,,0.016790123,-0.000433333,0.01635679,0.014779381,480,36.69
122,483,37.47,0.86,0.64,0,0.18,-0.11,-0.15,0.1,0.44,-1.28,7.68,37,3.5,1170,2710,5120,,0.01654321,-0.000426667,0.016116543,0.015096907,483,37.47
123,486,38.24,0.86,0.69,-0.01,0.18,-0.11,-0.16,0.11,0.52,-1.28,7.7,39,4,1185,2710,5121,,0.017283951,-0.000466667,0.016817284,0.015414433,486,38.24
124,497,39.01,0.89,0.75,-0.01,0.17,-0.12,-0.15,0.11,0.58,-1.22,7.76,38.5,3.5,1203,2710,5123,,0.017283951,-0.000506667,0.016777284,0.015719588,497,39.01
125,506,39.79,0.95,0.75,0,0.19,-0.11,-0.15,0.1,0.62,-1.2,7.78,39.5,4,1218,2710,5124,,0.017530864,-0.0005,0.017030864,0.016016495,506,39.79
126,508,40.56,0.97,0.74,-0.01,0.18,-0.11,-0.16,0.11,0.68,-1.18,7.86,41,4,1235,2710,5126,,0.018271605,-0.0005,0.017771605,0.016325773,508,40.56
127,519,41.31,0.96,0.75,-0.01,0.19,-0.12,-0.15,0.1,0.76,-1.14,7.88,40.5,4,1253,2710,5128,,0.018024691,-0.000506667,0.017518025,0.016639175,519,41.31
128,528,42.12,0.94,0.75,-0.01,0.19,-0.16,-0.15,0.1,0.82,-1.12,7.94,42,4.5,1268,2710,5129,,0.018518519,-0.000506667,0.018011852,0.016981443,528,42.12
129,532,42.78,0.97,0.74,-0.01,0.19,-0.16,-0.15,0.1,0.86,-1.08,7.98,42.5,4.5,1285,2710,5131,,0.018765432,-0.0005,0.018265432,0.017241237,532,42.78
130,540,43.58,0.97,0.85,-0.01,0.19,-0.16,-0.16,0.11,0.94,-1.04,8.02,44,4.5,1300,2710,5132,,0.019506173,-0.000573333,0.01893284,0.017571134,540,43.58
131,551,44.36,0.97,0.85,-0.01,0.19,-0.16,-0.18,0.1,1,-0.98,8.06,44,5.5,1313,2710,5134,,0.019012346,-0.000573333,0.018439012,0.017892784,551,44.36
132,560,45.14,1.07,0.85,-0.01,0.2,-0.16,-0.16,0.1,1.08,-0.98,8.1,45.5,4.5,1330,2710,5135,,0.020246914,-0.000573333,0.01967358,0.018173196,560,45.14
133,565,45.91,1.07,0.85,-0.01,0.21,-0.16,-0.16,0.1,1.16,-0.9,8.1,46.5,5,1348,2710,5137,,0.020493827,-0.000573333,0.019920494,0.018490722,565,45.91
134,577,46.65,1.07,0.85,-0.01,0.21,-0.17,-0.17,0.1,1.22,-0.86,8.16,46,4.5,1363,2710,5138,,0.020493827,-0.000573333,0.019920494,0.018795876,577,46.65
135,586,47.36,1.07,0.91,-0.01,0.23,-0.16,-0.16,0.11,1.32,-0.82,8.22,47.5,5,1378,2710,5140,,0.020987654,-0.000613333,0.020374321,0.01908866,586,47.36
136,598,48.12,1.06,0.96,0,0.25,-0.16,-0.17,0.1,1.38,-0.78,8.24,48,3.5,1390,2710,5141,,0.021975309,-0.00064,0.021335309,0.019406186,598,48.12
137,602,48.92,1.06,0.96,0,0.26,-0.17,-0.17,0.1,1.48,-0.72,8.28,49,4,1408,2710,5143,,0.022222222,-0.00064,0.021582222,0.019736082,602,48.92
138,613,49.7,1.08,0.95,0,0.27,-0.17,-0.18,0.1,1.54,-0.66,8.3,50,3.5,1420,2710,5144,,0.022962963,-0.000633333,0.02232963,0.020049485,613,49.7
139,622,50.47,1.1,0.96,0,0.28,-0.17,-0.17,0.1,1.62,-0.62,8.34,50,3.5,1435,2710,5146,,0.022962963,-0.00064,0.022322963,0.020358763,622,50.47
140,628,51.26,1.17,1,0,0.28,-0.18,-0.18,0.1,1.7,-0.56,8.38,52.5,4.5,1448,2710,5147,,0.023703704,-0.000666667,0.023037037,0.02065567,628,51.26
141,633,51.93,1.16,1.07,0,0.3,-0.17,-0.17,0.1,1.78,-0.52,8.4,52,4.5,1463,2710,5149,,0.02345679,-0.000713333,0.022743457,0.020936082,633,51.93
142,643,52.73,1.18,1.06,0,0.31,-0.17,-0.17,0.04,1.88,-0.46,8.44,52,5,1475,2710,5150,,0.023209877,-0.000706667,0.02250321,0.021257732,643,52.73
143,653,53.48,1.17,1.07,0,0.32,-0.17,-0.17,0.04,1.96,-0.42,8.46,53.5,5,1490,2710,5152,,0.023950617,-0.000713333,0.023237284,0.021571134,653,53.48
144,663,54.28,1.17,1.06,0,0.33,-0.17,-0.17,0.05,2.04,-0.36,8.5,54,5,1503,2710,5153,,0.024197531,-0.000706667,0.023490864,0.021901031,663,54.28
145,664,55.02,1.17,1.18,0,0.33,-0.17,-0.18,0.04,2.12,-0.28,8.52,55.5,6,1518,2710,5155,,0.024444444,-0.000786667,0.023657778,0.022206186,664,55.02
146,676,55.75,1.17,1.17,0,0.35,-0.17,-0.19,0.04,2.2,-0.24,8.56,55.5,6,1530,2710,5156,,0.024444444,-0.00078,0.023664444,0.022507216,676,55.75
147,683,56.54,1.21,1.16,0,0.36,-0.16,-0.18,0.04,2.28,-0.18,8.6,56,5.5,1545,2710,5158,,0.024938272,-0.000773333,0.024164938,0.022816495,683,56.54
148,689,57.31,1.28,1.15,-0.01,0.36,-0.17,-0.18,0.04,2.36,-0.12,8.62,57,5.5,1558,2710,5200,,0.025432099,-0.000773333,0.024658765,0.023105155,689,57.31
149,702,58.09,1.28,1.27,0,0.4,-0.17,-0.18,0.04,2.44,-0.06,8.64,58,6.5,1573,2710,5201,,0.025432099,-0.000846667,0.024585432,0.023426804,702,58.09
150,707,58.85,1.28,1.27,0,0.4,-0.17,-0.18,0.04,2.54,0.02,8.68,59.5,7,1583,2710,5203,,0.025925926,-0.000846667,0.025079259,0.023740206,707,58.85
151,712,59.55,1.28,1.27,-0.01,0.41,-0.17,-0.18,0.04,2.62,0.08,8.72,59,7,1598,2710,5204,,0.025679012,-0.000853333,0.024825679,0.024028866,712,59.55
152,723,60.34,1.28,1.27,0,0.42,-0.17,-0.19,0.04,2.72,0.12,8.74,59.5,7.5,1608,2710,5206,,0.025679012,-0.000846667,0.024832346,0.024354639,723,60.34
153,734,61.02,1.27,1.27,-0.01,0.43,-0.17,-0.19,0.05,2.78,0.18,8.76,61,7,1620,2710,5207,,0.026666667,-0.000853333,0.025813333,0.024639175,734,61.02
154,741,61.81,1.28,1.38,-0.01,0.44,-0.17,-0.19,0.04,2.86,0.22,8.78,61.5,7.5,1633,2710,5209,,0.026666667,-0.000926667,0.02574,0.024960825,741,61.81
155,753,62.57,1.3,1.37,-0.01,0.44,-0.17,-0.19,0.04,2.96,0.28,8.82,62.5,7.5,1648,2710,5211,,0.027160494,-0.00092,0.026240494,0.025265979,753,62.57
156,751,63.35,1.38,1.38,0,0.44,-0.17,-0.2,0.04,3.04,0.32,8.84,63.5,8,1655,2710,5212,,0.027407407,-0.00092,0.026487407,0.025554639,751,63.35
157,765,64.05,1.38,1.37,-0.01,0.45,-0.28,-0.2,0.05,3.12,0.4,8.86,63.5,7,1668,2710,5214,,0.027901235,-0.00092,0.026981235,0.025843299,765,64.05
158,774,64.76,1.38,1.39,-0.01,0.46,-0.29,-0.2,0.05,3.22,0.44,8.9,64,7.5,1680,2710,5215,,0.027901235,-0.000933333,0.026967901,0.026136082,774,64.76
159,778,65.51,1.38,1.48,0,0.47,-0.28,-0.2,0.04,3.3,0.5,8.92,65,7.5,1690,2710,5217,,0.028395062,-0.000986667,0.027408395,0.026445361,778,65.51
160,786,66.3,1.38,1.47,-0.01,0.49,-0.28,-0.21,0.05,3.38,0.56,8.92,66.5,8,1703,2710,5218,,0.028888889,-0.000986667,0.027902222,0.026771134,786,66.3
161,790,67,1.38,1.48,-0.02,0.51,-0.28,-0.19,0.05,3.48,0.62,8.94,66.5,7.5,1713,2710,5220,,0.029135802,-0.001,0.028135802,0.027059794,790,67
162,804,67.77,1.38,1.47,-0.01,0.52,-0.28,-0.2,0.04,3.56,0.68,9,67.5,6.5,1723,2710,5221,,0.030123457,-0.000986667,0.02913679,0.02737732,804,67.77
163,805,68.47,1.41,1.47,-0.01,0.53,-0.29,-0.22,0.04,3.64,0.74,9,68,7,1733,2710,5223,,0.030123457,-0.000986667,0.02913679,0.027653608,805,68.47
164,817,69.15,1.39,1.57,-0.01,0.52,-0.28,-0.21,0.05,3.74,0.78,9,69,7,1743,2710,5224,,0.030617284,-0.001053333,0.029563951,0.027942268,817,69.15
165,825,69.93,1.39,1.58,-0.01,0.52,-0.29,-0.21,0.04,3.8,0.86,9.04,70.5,7,1753,2710,5226,,0.031358025,-0.00106,0.030298025,0.028263918,825,69.93
166,837,70.61,1.38,1.58,0,0.53,-0.29,-0.22,0.04,3.9,0.9,9.08,70,7.5,1763,2710,5227,,0.030864198,-0.001053333,0.029810864,0.028548454,837,70.61
167,837,71.31,1.49,1.6,0,0.54,-0.29,-0.21,0.05,3.98,0.94,9.08,70.5,7.5,1773,2710,5229,,0.031111111,-0.001066667,0.030044444,0.028791753,837,71.31
168,844,72.09,1.49,1.57,-0.01,0.56,-0.28,-0.22,0.05,4.08,1,9.1,72,7.5,1788,2710,5230,,0.031851852,-0.001053333,0.030798519,0.029113402,844,72.09
169,847,72.79,1.49,1.64,-0.01,0.58,-0.28,-0.21,0.05,4.16,1.08,9.16,72,7,1795,2710,5232,,0.032098765,-0.0011,0.030998765,0.029402062,847,72.79
170,860,73.69,1.49,1.68,-0.01,0.59,-0.28,-0.21,0.04,4.28,1.14,9.16,73,7,1808,2710,5234,,0.032592593,-0.001126667,0.031465926,0.029773196,860,73.69
171,871,74.32,1.49,1.68,-0.02,0.6,-0.28,-0.22,0.03,4.38,1.2,9.18,74,7,1815,2710,5235,,0.03308642,-0.001133333,0.031953086,0.03003299,871,74.32
172,883,75.15,1.49,1.69,-0.01,0.59,-0.29,-0.21,0.03,4.46,1.24,9.18,74.5,7,1825,2710,5237,,0.033333333,-0.001133333,0.0322,0.030375258,883,75.15
173,885,75.84,1.48,1.69,0,0.61,-0.29,-0.22,0.02,4.56,1.3,9.22,76,7,1835,2710,5238,,0.034074074,-0.001126667,0.032947407,0.030663918,885,75.84
174,888,76.64,1.51,1.69,0.01,0.62,-0.29,-0.22,0.02,4.66,1.36,9.26,76,6.5,1845,2710,5240,,0.034320988,-0.00112,0.033200988,0.030981443,888,76.64
175,899,77.33,1.59,1.8,0,0.62,-0.29,-0.22,0.02,4.76,1.42,9.26,76.5,7,1855,2710,5241,,0.034320988,-0.0012,0.033120988,0.03123299,899,77.33
176,908,78,1.59,1.81,0,0.63,-0.29,-0.22,0.02,4.84,1.46,9.28,77,6.5,1865,2710,5243,,0.034814815,-0.001206667,0.033608148,0.031509278,908,78
177,905,78.79,1.59,1.8,0,0.65,-0.3,-0.22,0.02,4.94,1.52,9.32,78.5,7,1873,2710,5244,,0.035308642,-0.0012,0.034108642,0.031835052,905,78.79
178,910,79.49,1.59,1.79,0,0.65,-0.29,-0.22,0.02,5.06,1.6,9.32,78.5,7.5,1883,2710,5246,,0.035061728,-0.001193333,0.033868395,0.032123711,910,79.49
179,909,80.2,1.59,1.79,0,0.67,-0.29,-0.23,0.02,5.16,1.66,9.34,79.5,7.5,1890,2710,5247,,0.035555556,-0.001193333,0.034362222,0.032416495,909,80.2
180,919,80.88,1.59,1.8,0.01,0.69,-0.29,-0.24,0.01,5.26,1.7,9.36,80,7.5,1898,2710,5249,,0.035802469,-0.001193333,0.034609136,0.032696907,919,80.88
181,918,81.57,1.57,1.8,0,0.7,-0.3,-0.24,0.01,5.36,1.78,9.36,81,7,1908,2710,5250,,0.03654321,-0.0012,0.03534321,0.032989691,918,81.57
182,916,82.26,1.64,1.88,0,0.72,-0.29,-0.23,0.01,5.46,1.82,9.38,81,6.5,1915,2710,5252,,0.036790123,-0.001253333,0.03553679,0.033245361,916,82.26
183,924,83.04,1.69,1.9,0,0.71,-0.29,-0.24,0.01,5.58,1.88,9.4,82,7,1923,2710,5253,,0.037037037,-0.001266667,0.03577037,0.033546392,924,83.04
184,937,83.74,1.7,1.91,-0.01,0.72,-0.29,-0.25,0.02,5.7,1.96,9.42,83,9,1928,2710,5255,,0.03654321,-0.00128,0.03526321,0.033830928,937,83.74
185,940,84.41,1.7,1.9,-0.02,0.73,-0.28,-0.25,0,5.78,2.02,9.44,83.5,9.5,1938,2710,5256,,0.03654321,-0.00128,0.03526321,0.034107216,940,84.41
186,941,85.12,1.69,1.9,-0.01,0.73,-0.29,-0.26,0.02,5.9,2.08,9.44,84,9.5,1943,2710,5258,,0.036790123,-0.001273333,0.03551679,0.034404124,941,85.12
187,937,85.83,1.71,1.89,0,0.73,-0.29,-0.26,0.01,6.02,2.14,9.46,85,9,1948,2710,5300,,0.037530864,-0.00126,0.036270864,0.03468866,937,85.83
188,943,86.5,1.69,1.91,0,0.75,-0.29,-0.26,0.01,6.1,2.16,9.48,85.5,9,1955,2710,5301,,0.037777778,-0.001273333,0.036504444,0.034973196,943,86.5
189,950,87.12,1.7,2,0,0.74,-0.29,-0.28,0.01,6.24,2.26,9.5,86,10,1960,2710,5303,,0.037530864,-0.001333333,0.036197531,0.035224742,950,87.12
190,947,87.82,1.78,2.01,0,0.75,-0.29,-0.29,0.02,6.32,2.32,9.52,86.5,10,1968,2710,5304,,0.037777778,-0.00134,0.036437778,0.035480412,947,87.82
191,944,88.42,1.79,2.01,0,0.76,-0.29,-0.29,0.02,6.42,2.38,9.52,87,10.5,1973,2710,5306,,0.037777778,-0.00134,0.036437778,0.035723711,944,88.42
192,951,89.09,1.79,2,-0.01,0.75,-0.28,-0.29,0.02,6.52,2.42,9.54,87.5,10.5,1980,2710,5307,,0.038024691,-0.00134,0.036684691,0.036,951,89.09
193,952,89.69,1.8,2,0.01,0.75,-0.29,-0.32,0.01,6.62,2.46,9.54,88.5,9.5,1980,2710,5309,,0.039012346,-0.001326667,0.037685679,0.036243299,952,89.69
194,957,90.38,1.8,2.01,0.01,0.75,-0.29,-0.31,0.02,6.72,2.54,9.56,89.5,9,1985,2710,5310,,0.039753086,-0.001333333,0.038419753,0.036527835,957,90.38
195,958,90.97,1.79,2.01,0,0.75,-0.29,-0.31,0.01,6.82,2.56,9.56,90,8.5,1993,2710,5312,,0.040246914,-0.00134,0.038906914,0.036775258,958,90.97
196,968,91.58,1.79,2.01,0.01,0.76,-0.29,-0.31,0.02,6.94,2.64,9.58,90.5,8.5,1998,2710,5313,,0.040493827,-0.001333333,0.039160494,0.037026804,968,91.58
197,969,92.17,1.79,2.11,0,0.76,-0.29,-0.33,0.01,7.02,2.7,9.6,91.5,9.5,2005,2710,5315,,0.040493827,-0.001406667,0.03908716,0.037270103,969,92.17
198,974,92.87,1.9,2.11,0.01,0.77,-0.29,-0.33,0.02,7.14,2.72,9.62,91.5,10,2008,2710,5316,,0.040246914,-0.0014,0.038846914,0.037513402,974,92.87
199,981,93.47,1.9,2.11,0,0.77,-0.28,-0.34,0.02,7.24,2.8,9.64,92,10.5,2015,2710,5318,,0.040246914,-0.001406667,0.038840247,0.037760825,981,93.47
200,983,94.07,1.91,2.11,-0.01,0.77,-0.29,-0.34,0.01,7.34,2.84,9.64,92.5,10.5,2018,2710,5319,,0.040493827,-0.001413333,0.039080494,0.038004124,983,94.07
201,983,94.75,1.91,2.11,0,0.78,-0.28,-0.35,0.02,7.48,2.9,9.64,94,10,2023,2710,5321,,0.041481481,-0.001406667,0.040074815,0.038284536,983,94.75
202,987,95.57,1.9,2.12,0,0.78,-0.36,-0.35,0.01,7.64,2.98,9.66,94,11,2025,2710,5323,,0.040987654,-0.001413333,0.039574321,0.038626804,987,95.57,
203,888,96.06,2,2.2,0,0.78,-0.35,-0.36,0.02,8.02,3.16,9.64,94.5,9,1815,2710,5439,,0.042222222,-0.001466667,0.040755556,0.038787629,888,96.06,145.88
204,871,96.06,2.01,2.19,0,0.78,-0.35,-0.36,-0.01,8.08,3.22,9.62,94.5,10,1785,2710,5541,,0.041728395,-0.00146,0.040268395,0.038783505,871,-49.82,96.06
205,860,96.05,2.07,2.2,0,0.78,-0.37,-0.37,-0.01,8.1,3.22,9.64,94.5,9.5,1758,2710,5718,,0.041975309,-0.001466667,0.040508642,0.038754639,860,-49.83,96.05
206,883,96.35,2.07,2.21,0,0.79,-0.35,-0.36,-0.01,8.12,3.26,9.62,95,11.5,1828,2710,5721,,0.041234568,-0.001473333,0.039761235,0.038878351,883,-49.53,96.35
207,910,97.02,2.04,2.21,0,0.79,-0.35,-0.37,-0.01,8.14,3.24,9.68,95.5,10.5,1885,2710,5723,,0.041975309,-0.001473333,0.040501975,0.03916701,910,-48.86,97.02
208,931,97.64,2.05,2.22,0,0.78,-0.36,-0.37,-0.02,8.16,3.26,9.7,97,11,1933,2710,5724,,0.042469136,-0.00148,0.040989136,0.039418557,931,-48.24,97.64
209,952,98.29,2.06,2.22,0,0.79,-0.36,-0.38,-0.01,8.22,3.28,9.74,97,11.5,1970,2710,5726,,0.042222222,-0.00148,0.040742222,0.039682474,952,-47.59,98.29
210,968,98.85,2.11,2.21,0,0.79,-0.35,-0.39,-0.02,8.28,3.32,9.72,97.5,11.5,2003,2710,5727,,0.042469136,-0.001473333,0.040995802,0.039892784,968,-47.03,98.85
211,986,99.55,2.12,2.23,-0.01,0.8,-0.35,-0.41,-0.01,8.36,3.36,9.74,98,11,2025,2710,5729,,0.042962963,-0.001493333,0.04146963,0.04017732,986,-46.33,99.55
212,994,100.23,2.13,2.3,0,0.8,-0.35,-0.41,0,8.44,3.4,9.76,98.5,12,2045,2710,5730,,0.042716049,-0.001533333,0.041182716,0.040453608,994,-45.65,100.23
213,993,100.82,2.12,2.31,-0.01,0.84,-0.35,-0.41,0,8.54,3.44,9.78,100,12,2058,2710,5732,,0.04345679,-0.001546667,0.041910123,0.040701031,993,-45.06,100.82
214,1004,101.41,2.11,2.32,-0.01,0.84,-0.36,-0.42,-0.01,8.64,3.5,9.78,100,12,2068,2710,5733,,0.04345679,-0.001553333,0.041903457,0.040948454,1004,-44.47,101.41
215,1010,101.97,2.12,2.31,0,0.85,-0.35,-0.42,-0.01,8.72,3.52,9.8,100.5,10.5,2075,2710,5735,,0.044444444,-0.00154,0.042904444,0.041175258,1010,-43.91,101.97
216,1014,102.56,2.11,2.32,0,0.85,-0.36,-0.43,-0.01,8.82,3.58,9.78,101,12,2080,2710,5736,,0.043950617,-0.001546667,0.042403951,0.04142268,1014,-43.32,102.56
217,1022,103.13,2.11,2.31,0,0.86,-0.35,-0.44,-0.01,8.94,3.62,9.8,101.5,12,2085,2710,5738,,0.044197531,-0.00154,0.042657531,0.041657732,1022,-42.75,103.13
218,1026,103.72,2.12,2.32,0,0.87,-0.35,-0.43,-0.01,9.06,3.64,9.82,102.5,12.5,2093,2710,5739,,0.044444444,-0.001546667,0.042897778,0.041896907,1026,-42.16,103.72
219,1034,104.31,2.12,2.31,0.01,0.87,-0.36,-0.44,-0.01,9.18,3.68,9.8,102.5,12,2090,2710,5740,,0.044691358,-0.001533333,0.043158025,0.042140206,1034,-41.57,104.31
220,1038,104.78,2.11,2.32,0,0.88,-0.36,-0.45,-0.01,9.3,3.72,9.84,103,11.5,2090,2710,5742,,0.045185185,-0.001546667,0.043638519,0.042338144,1038,-41.1,104.78
221,1037,105.3,2.13,2.32,0.01,0.88,-0.35,-0.45,-0.04,9.44,3.78,9.82,104,11.5,2093,2710,5743,,0.045679012,-0.00154,0.044139012,0.04254433,1037,-40.58,105.3
222,1040,105.96,2.12,2.32,0,0.88,-0.36,-0.45,-0.03,9.58,3.82,9.82,104.5,12.5,2090,2710,5745,,0.045432099,-0.001546667,0.043885432,0.042820619,1040,-39.92,105.96
223,1041,106.45,2.11,2.33,-0.01,0.89,-0.35,-0.45,-0.04,9.72,3.82,9.82,105,12.5,2093,2710,5746,,0.045679012,-0.00156,0.044119012,0.043026804,1041,-39.43,106.45
224,1050,107.03,2.22,2.32,0,0.9,-0.36,-0.46,-0.03,9.84,3.86,9.82,105.5,12.5,2095,2710,5748,,0.045925926,-0.001546667,0.044379259,0.043220619,1050,-38.85,107.03
225,1057,107.6,2.22,2.31,0,0.91,-0.36,-0.47,-0.04,9.98,3.88,9.82,106,12,2093,2710,5749,,0.046419753,-0.00154,0.044879753,0.04345567,1057,-38.28,107.6
226,1054,108.19,2.21,2.31,0.01,0.9,-0.36,-0.47,-0.03,10.16,3.94,9.82,107,13,2093,2710,5751,,0.046419753,-0.001533333,0.04488642,0.043703093,1054,-37.69,108.19
227,1054,108.77,2.22,2.35,0,0.93,-0.36,-0.47,-0.04,10.28,3.96,9.82,107.5,13,2098,2710,5752,,0.046666667,-0.001566667,0.0451,0.043938144,1054,-37.11,108.77
228,1058,109.44,2.22,2.42,0,0.94,-0.35,-0.48,-0.03,10.44,4,9.84,108,12.5,2100,2710,5754,,0.047160494,-0.001613333,0.04554716,0.044214433,1058,-36.44,109.44
229,1063,110.01,2.22,2.42,0.01,0.93,-0.36,-0.48,-0.05,10.56,4.02,9.84,108.5,11,2098,2710,5755,,0.048148148,-0.001606667,0.046541481,0.044449485,1063,-35.87,110.01
230,1070,110.59,2.21,2.43,0,0.95,-0.36,-0.48,-0.03,10.7,4.06,9.84,109,11.5,2103,2710,5757,,0.048148148,-0.00162,0.046528148,0.044692784,1070,-35.29,110.59
231,1073,111.17,2.28,2.43,0,0.95,-0.36,-0.49,-0.04,10.84,4.08,9.86,110,11.5,2108,2710,5758,,0.048641975,-0.00162,0.047021975,0.044903093,1073,-34.71,111.17
232,1076,111.75,2.32,2.43,0.01,0.96,-0.36,-0.49,-0.03,10.98,4.14,9.86,110.5,12,2108,2710,5759,,0.048641975,-0.001613333,0.047028642,0.045125773,1076,-34.13,111.75
233,1078,112.33,2.3,2.43,0.01,0.97,-0.36,-0.49,-0.04,11.12,4.14,9.86,111,12,2110,2710,5801,,0.048888889,-0.001613333,0.047275556,0.045373196,1078,-33.55,112.33
234,1082,112.92,2.33,2.43,0.01,0.98,-0.36,-0.49,-0.04,11.28,4.2,9.86,111.5,12,2113,2710,5802,,0.049135802,-0.001613333,0.047522469,0.045604124,1082,-32.96,112.92
235,1087,113.49,2.32,2.42,0.01,0.98,-0.36,-0.5,-0.03,11.42,4.22,9.86,112,12.5,2118,2710,5804,,0.049135802,-0.001606667,0.047529136,0.045843299,1087,-32.39,113.49
236,1086,114.07,2.32,2.41,0.01,1,-0.36,-0.5,-0.03,11.56,4.26,9.84,113.5,12.5,2120,2710,5805,,0.049876543,-0.0016,0.048276543,0.046082474,1086,-31.81,114.07
237,1092,114.75,2.33,2.42,0,1.03,-0.36,-0.51,-0.03,11.7,4.28,9.88,113,13.5,2125,2710,5806,,0.049135802,-0.001613333,0.047522469,0.046358763,1092,-31.13,114.75
238,1099,115.43,2.32,2.43,0,1.04,-0.36,-0.51,-0.04,11.86,4.32,9.88,113.5,13,2128,2710,5808,,0.04962963,-0.00162,0.04800963,0.046643299,1099,-30.45,115.43
239,1103,115.99,2.42,2.42,0.02,1.04,-0.36,-0.51,-0.04,11.98,4.34,9.88,114.5,13.5,2130,2710,5809,,0.049876543,-0.0016,0.048276543,0.04683299,1103,-29.89,115.99
240,1101,116.68,2.42,2.43,0.01,1.06,-0.36,-0.53,-0.04,12.14,4.4,9.88,115,13,2135,2710,5811,,0.05037037,-0.001613333,0.048757037,0.047117526,1101,-29.2,116.68
241,1105,117.36,2.42,2.49,0.01,1.06,-0.35,-0.53,-0.04,12.3,4.42,9.88,116,14,2138,2710,5812,,0.05037037,-0.001653333,0.048717037,0.047397938,1105,-28.52,117.36
242,1105,117.97,2.42,2.53,0.01,1.06,-0.36,-0.54,-0.04,12.44,4.48,9.9,116.5,13.5,2140,2710,5814,,0.050864198,-0.00168,0.049184198,0.047649485,1105,-27.91,117.97
243,1110,118.6,2.42,2.53,-0.01,1.08,-0.35,-0.55,-0.03,12.56,4.5,9.92,117,15.5,2145,2710,5815,,0.050123457,-0.001693333,0.048430123,0.047909278,1110,-27.28,118.6
244,1110,119.2,2.43,2.53,-0.02,1.08,-0.36,-0.56,-0.04,12.72,4.54,9.92,117.5,14.5,2143,2710,5816,,0.050864198,-0.0017,0.049164198,0.048152577,1110,-26.68,119.2
245,1116,119.86,2.53,2.53,0,1.08,-0.35,-0.55,-0.04,12.86,4.6,9.92,118,14.5,2148,2710,5818,,0.051111111,-0.001686667,0.049424444,0.048383505,1116,-26.02,119.86
246,1124,120.54,2.53,2.52,-0.01,1.09,-0.36,-0.56,-0.03,13.04,4.64,9.94,118.5,14,2143,2710,5819,,0.051604938,-0.001686667,0.049918272,0.048663918,1124,-25.34,120.54
247,1110,121.21,2.53,2.53,0,1.11,-0.36,-0.57,-0.02,13.56,4.72,9.94,119.5,14.5,2010,2710,5821,,0.051851852,-0.001686667,0.050165185,0.048940206,1110,-24.67,121.21
248,792,122.47,2.85,2.52,-0.14,1.3,-0.1,-0.52,0.1,16.16,5.18,9.7,120.5,14.5,1348,2710,5822,,0.052345679,-0.001773333,0.050572346,0.049327835,792,-23.41,122.47
249,791,123.15,2.85,2.53,-0.13,1.35,-0.1,-0.5,0.12,16.38,5.18,9.66,120.5,15,1378,2710,5824,,0.052098765,-0.001773333,0.050325432,0.049608247,791,-22.73,123.15
250,785,123.89,2.85,2.53,-0.14,1.41,-0.09,-0.49,0.13,16.62,5.2,9.64,122,14.5,1383,2710,5825,,0.05308642,-0.00178,0.05130642,0.049913402,785,-21.99,123.89
251,780,124.51,2.85,2.52,-0.14,1.44,-0.08,-0.48,0.14,16.86,5.2,9.66,122.5,15.5,1393,2710,5826,,0.052839506,-0.001773333,0.051066173,0.050169072,780,-21.37,124.51
252,780,125.26,2.88,2.52,-0.14,1.5,0.02,-0.4,0.24,18.26,5.48,9.52,123,15.5,1035,2710,5828,,0.05308642,-0.001773333,0.051313086,0.050465979,780,-20.62,125.26
253,630,126.21,3.07,2.61,-0.12,1.7,0.06,-0.4,0.25,18.6,5.46,9.52,124.5,15,1053,2710,5829,,0.054074074,-0.00182,0.052254074,0.050779381,630,-19.67,126.21
254,628,126.99,3.07,2.63,-0.11,1.75,0.07,-0.39,0.26,18.84,5.48,9.52,124.5,15.5,1070,2710,5831,,0.05382716,-0.001826667,0.052000494,0.051101031,628,-18.89,126.99
255,467,128.14,3.17,2.51,-0.1,1.99,0.25,-0.29,0.38,20.92,5.94,9.06,125.5,16,668,2710,5832,,0.054074074,-0.00174,0.052334074,0.051534021,467,-17.74,128.14
256,471,128.99,3.28,2.51,-0.09,2.05,0.26,-0.26,0.39,21.2,5.94,9.06,126.5,16,680,2710,5834,,0.054567901,-0.001733333,0.052834568,0.051839175,471,-16.89,128.99
257,476,129.68,3.26,2.52,-0.08,2.1,0.27,-0.26,0.41,21.42,5.94,9.06,126.5,14.5,650,2710,5835,,0.055308642,-0.001733333,0.053575309,0.052131959,476,-16.2,129.68
258,445,129.77,3.26,2.52,0.16,2.13,0.29,-0.24,0.43,21.66,5.94,9.08,127,15.5,645,2710,5853,,0.055061728,-0.001573333,0.053488395,0.052169072,445,-16.11,129.77
259,469,130.43,3.27,2.52,-0.1,2.17,0.28,-0.24,0.43,21.78,5.94,9.06,127.5,16,688,2710,5855,,0.055061728,-0.001746667,0.053315062,0.052437113,469,-15.45,130.43
260,477,131.2,3.29,2.53,-0.09,2.22,0.29,-0.22,0.44,22.04,5.96,9.06,128.5,16.5,680,2710,5856,,0.055308642,-0.001746667,0.053561975,0.052746392,477,-14.68,131.2
261,478,132,3.38,2.53,-0.09,2.27,0.29,-0.21,0.45,22.36,5.96,9.06,129.5,17,675,2710,5858,,0.055555556,-0.001746667,0.053808889,0.053039175,478,-13.88,132
262,482,132.76,3.38,2.53,-0.09,2.32,0.3,-0.21,0.47,22.66,5.94,9.06,130.5,16,678,2710,5859,,0.05654321,-0.001746667,0.054796543,0.053352577,482,-13.12,132.76
263,485,133.51,3.38,2.54,-0.1,2.38,0.31,-0.13,0.79,27.12,6.7,6.92,131,16.5,150,2710,5901,,0.05654321,-0.00176,0.05478321,0.053661856,485,-12.37,133.51
264,312,134.85,3.59,2.52,-0.12,3.37,0.52,0.03,0.75,27,6.86,7.52,132,17,195,2710,5902,,0.056790123,-0.00176,0.055030123,0.054127835,312,-11.03,134.85
265,323,135.64,3.59,2.53,-0.1,3.37,0.53,0.04,0.75,27.2,6.86,7.5,133,18,203,2710,5904,,0.056790123,-0.001753333,0.05503679,0.054453608,323,-10.24,135.64
266,327,136.51,3.58,2.53,-0.1,3.37,0.53,0.04,0.77,27.48,6.86,7.5,134,17.5,203,2710,5905,,0.057530864,-0.001753333,0.055777531,0.054816495,327,-9.37,136.51
267,327,137.27,3.58,2.53,-0.1,3.38,0.54,0.06,0.78,27.82,6.86,7.48,134,17.5,190,2710,5907,,0.057530864,-0.001753333,0.055777531,0.055129897,327,-8.61,137.27
268,330,138.1,3.57,2.53,-0.09,3.46,0.56,0.07,0.8,28.14,6.86,7.46,135.5,17.5,185,2710,5908,,0.058271605,-0.001746667,0.056524938,0.055476289,330,-7.78,138.1
269,329,138.9,3.69,2.52,-0.11,3.48,0.56,0.07,0.81,28.44,6.86,7.46,136,18,185,2710,5910,,0.058271605,-0.001753333,0.056518272,0.055756701,329,-6.98,138.9
270,330,139.67,3.68,2.53,-0.09,3.55,0.56,0.09,0.83,28.76,6.86,7.48,137,17.5,188,2710,5911,,0.059012346,-0.001746667,0.057265679,0.056078351,330,-6.21,139.67
271,333,140.54,3.69,2.54,-0.09,3.6,0.58,0.11,0.83,29.06,6.86,7.48,137.5,17.5,188,2710,5913,,0.059259259,-0.001753333,0.057505926,0.05643299,333,-5.34,140.54
272,336,141.42,3.68,2.53,-0.11,3.65,0.58,0.12,0.86,29.38,6.86,7.46,139.5,18,188,2710,5914,,0.06,-0.00176,0.05824,0.0568,336,-4.46,141.42
273,328,142.17,3.74,2.53,-0.1,3.68,0.6,0.13,0.86,29.72,6.86,7.5,139.5,18.5,180,2710,5916,,0.059753086,-0.001753333,0.057999753,0.057084536,328,-3.71,142.17
274,331,142.98,3.81,2.52,-0.1,3.72,0.6,0.14,0.88,30.04,6.88,7.48,140,18,178,2710,5917,,0.060246914,-0.001746667,0.058500247,0.057389691,331,-2.9,142.98
275,334,143.8,3.79,2.53,-0.1,3.77,0.62,0.15,0.89,30.36,6.88,7.48,140.5,18.5,173,2710,5919,,0.060246914,-0.001753333,0.05849358,0.057736082,334,-2.08,143.8
276,335,144.68,3.79,2.53,-0.1,3.81,0.62,0.16,0.9,30.66,6.86,7.46,141.5,18.5,173,2710,5920,,0.060740741,-0.001753333,0.058987407,0.058098969,335,-1.2,144.68
277,337,145.54,3.8,2.53,-0.1,3.85,0.63,0.17,0.92,31,6.88,7.48,142.5,19.5,170,2710,5922,,0.060740741,-0.001753333,0.058987407,0.058449485,337,-0.34,145.54
278,263,146.5,3.9,2.53,-0.06,4.25,0.66,0.29,1.1,64.66,10.88,7.46,143.5,25.5,-75,2710,5923,,0.058271605,-0.001726667,0.056544938,0.058804124,263,0.62,146.5
279,272,147.36,3.9,2.52,-0.1,4.25,0.67,0.29,1.11,65,10.88,7.54,143.5,24.5,-53,2710,5925,,0.058765432,-0.001746667,0.057018765,0.059158763,272,1.48,147.36
280,270,148.23,3.9,2.52,-0.1,4.28,0.68,0.31,1.13,65.28,10.9,7.54,146,25,-53,2710,5927,,0.059753086,-0.001746667,0.05800642,0.059517526,270,2.35,148.23
281,273,148.99,3.9,2.52,-0.1,4.32,0.67,0.33,1.15,65.58,10.88,7.52,145.5,24.5,-53,2710,5928,,0.059753086,-0.001746667,0.05800642,0.059830928,273,3.11,148.99
282,278,149.96,3.92,2.53,-0.09,4.37,0.68,0.34,1.17,65.92,10.88,7.52,146.5,24.5,-53,2710,5930,,0.060246914,-0.001746667,0.058500247,0.06022268,278,4.08,149.96
283,278,152.17,3.99,2.53,-0.09,4.5,0.68,0.38,1.2,66.74,10.86,7.5,149.5,24.5,-53,2710,5934,,0.061728395,-0.001746667,0.059981728,0.061105155,278,6.29,152.17
284,279,153.21,3.99,2.53,-0.09,4.54,0.68,0.39,1.22,67.1,10.88,7.5,150.5,24.5,-53,2710,5936,,0.062222222,-0.001746667,0.060475556,0.061534021,279,7.33,153.21
285,284,154,4,2.54,-0.08,4.58,0.69,0.41,1.23,67.4,10.86,7.5,151.5,24,-53,2710,5937,,0.062962963,-0.001746667,0.061216296,0.06185567,284,8.12,154
286,281,154.9,4,2.53,-0.1,4.63,0.69,0.43,1.24,67.74,10.88,7.5,152.5,24,-53,2710,5939,,0.06345679,-0.001753333,0.061703457,0.062226804,281,9.02,154.9
287,287,155.83,4.11,2.54,-0.09,4.68,0.7,0.43,1.26,68.08,10.88,7.5,152.5,24.5,-53,2710,5941,,0.063209877,-0.001753333,0.061456543,0.062564948,287,9.95,155.83
288,287,156.68,4.11,2.52,-0.11,4.71,0.72,0.45,1.27,68.38,10.88,7.5,153.5,25.5,-53,2710,5942,,0.063209877,-0.001753333,0.061456543,0.062915464,287,10.8,156.68
289,290,157.55,4.11,2.53,-0.09,4.75,0.71,0.45,1.29,68.74,10.88,7.5,154.5,25,-53,2710,5944,,0.063950617,-0.001746667,0.062203951,0.063274227,290,11.67,157.55
290,288,158.32,4.11,2.53,-0.09,4.79,0.72,0.47,1.3,69.04,10.88,7.5,155.5,25,-50,2710,5945,,0.064444444,-0.001746667,0.062697778,0.063591753,288,12.44,158.32
291,289,159.1,4.11,2.52,-0.09,4.82,0.73,0.48,1.31,69.3,10.88,7.5,155,24.5,-53,2710,5947,,0.064444444,-0.00174,0.062704444,0.063913402,289,13.22,159.1
292,293,159.87,4.1,2.53,-0.11,4.87,0.73,0.49,1.33,69.62,10.88,7.5,156,26.5,-55,2710,5948,,0.063950617,-0.00176,0.062190617,0.064235052,293,13.99,159.87
293,293,160.64,4.11,2.53,-0.1,4.91,0.74,0.5,1.34,70.12,10.86,7.5,157,25.5,-53,2710,5950,,0.064938272,-0.001753333,0.063184938,0.064548454,293,14.76,160.64
294,293,161.52,4.21,2.53,-0.09,4.94,0.74,0.51,1.35,71.08,10.88,7.48,157.5,24.5,-50,2710,5951,,0.065679012,-0.001746667,0.063932346,0.064870103,293,15.64,161.52
295,291,162.28,4.22,2.53,-0.1,4.97,0.74,0.53,1.36,71.4,10.86,7.48,159,25.5,-53,2710,5953,,0.065925926,-0.001753333,0.064172593,0.065179381,291,16.4,162.28
296,293,163.05,4.21,2.53,-0.09,5,0.75,0.54,1.38,71.7,10.86,7.48,159.5,25,-53,2710,5955,,0.066419753,-0.001746667,0.064673086,0.065501031,293,17.17,163.05
297,295,163.92,4.21,2.53,-0.1,5.03,0.75,0.54,1.4,76.1,10.88,7.5,160,26,-55,2710,5956,,0.06617284,-0.001753333,0.064419506,0.065859794,295,18.04,163.92
298,296,164.68,4.21,2.53,-0.1,5.07,0.77,0.56,1.4,76.3,10.86,7.52,161,27,-53,2710,5958,,0.06617284,-0.001753333,0.064419506,0.066173196,296,18.8,164.68
299,296,165.37,4.32,2.52,-0.1,5.1,0.77,0.56,1.41,76.58,10.88,7.5,161.5,26.5,-53,2710,5959,,0.066666667,-0.001746667,0.06492,0.066412371,296,19.49,165.37
300,296,166.13,4.32,2.52,-0.1,5.14,0.78,0.58,1.42,76.88,10.86,7.54,162,26.5,-53,2711,1,,0.06691358,-0.001746667,0.065166914,0.066725773,296,20.25,166.13
301,297,166.91,4.32,2.53,-0.1,5.17,0.79,0.59,1.43,77.24,10.86,7.54,163,26.5,-53,2711,2,,0.067407407,-0.001753333,0.065654074,0.067047423,297,21.03,166.91
302,302,167.69,4.33,2.51,-0.09,5.22,0.79,0.61,1.44,100.36,10.84,7.52,164,26.5,-50,2711,4,,0.067901235,-0.001733333,0.066167901,0.067364948,302,21.81,167.69
303,302,168.37,4.35,2.51,-0.09,5.23,0.79,0.62,1.45,-5.1,10.84,7.56,164,26.5,-53,2711,5,,0.067901235,-0.001733333,0.066167901,0.067637113,302,22.49,168.37
304,303,169.11,4.43,2.53,-0.1,5.28,0.8,0.62,1.46,-21.08,10.82,7.62,164.5,23,-53,2711,7,,0.069876543,-0.001753333,0.06812321,0.067909278,303,23.23,169.11
305,301,169.8,4.44,2.53,-0.1,5.31,0.8,0.63,1.47,-20.74,10.84,7.56,165.5,22,-50,2711,8,,0.070864198,-0.001753333,0.069110864,0.068189691,301,23.92,169.8
306,301,170.59,4.42,2.53,-0.1,5.32,0.81,0.64,1.48,-20.3,10.82,7.6,166.5,24.5,-48,2711,10,,0.070123457,-0.001753333,0.068370123,0.068523711,301,24.71,170.59
307,306,171.25,4.42,2.53,-0.11,5.37,0.81,0.65,1.49,-20.2,10.8,7.62,167,28,-53,2711,11,,0.068641975,-0.00176,0.066881975,0.068795876,306,25.37,171.25
308,307,172.02,4.53,2.52,-0.11,5.41,0.82,0.67,1.51,-20.16,10.82,7.58,167.5,23,-50,2711,13,,0.071358025,-0.001753333,0.069604691,0.069068041,307,26.14,172.02
309,304,172.79,4.53,2.52,-0.1,5.46,0.83,0.69,1.51,-20.16,10.8,7.6,168.5,23,-50,2711,14,,0.071851852,-0.001746667,0.070105185,0.069385567,304,26.91,172.79
310,309,173.48,4.54,2.52,-0.1,5.48,0.83,0.69,1.52,10.64,10.8,7.64,169.5,66,-50,2711,16,,0.051111111,-0.001746667,0.049364444,0.069665979,309,27.6,173.48
311,308,174.25,4.53,2.53,-0.1,5.49,0.83,0.69,1.54,78.08,10.8,7.64,170.5,22.5,-50,2711,17,,0.07308642,-0.001753333,0.071333086,0.069987629,308,28.37,174.25
312,309,175.03,4.54,2.52,-0.1,5.51,0.83,0.7,1.56,78.36,10.8,7.64,171.5,22.5,-48,2711,19,,0.073580247,-0.001746667,0.07183358,0.070305155,309,29.15,175.03
313,312,175.79,4.63,2.53,-0.1,5.54,0.86,0.71,1.57,78.7,10.78,7.64,171.5,20,-50,2711,21,,0.074814815,-0.001753333,0.073061481,0.070581443,312,29.91,175.79
314,311,176.47,4.63,2.53,-0.1,5.61,0.85,0.73,1.57,78.98,10.78,7.64,172,22,-50,2711,22,,0.074074074,-0.001753333,0.072320741,0.070861856,311,30.59,176.47
315,312,177.25,4.63,2.53,-0.09,5.66,0.86,0.74,1.59,79.26,10.8,7.64,172.5,23,-50,2711,23,,0.07382716,-0.001746667,0.072080494,0.071183505,312,31.37,177.25
316,311,177.93,4.63,2.52,-0.11,5.7,0.88,0.76,1.6,79.56,10.8,7.64,173.5,24,-50,2711,25,,0.07382716,-0.001753333,0.072073827,0.071463918,311,32.05,177.93
317,310,178.65,4.66,2.53,-0.1,5.72,0.88,0.76,1.6,79.8,10.78,7.64,174,24,-50,2711,26,,0.074074074,-0.001753333,0.072320741,0.071748454,310,32.77,178.65
318,312,179.37,4.63,2.53,-0.1,5.74,0.9,0.77,1.61,80.06,10.78,7.64,174.5,24,-50,2711,28,,0.074320988,-0.001753333,0.072567654,0.072057732,312,33.49,179.37
319,308,180.15,4.63,2.53,-0.09,5.76,0.91,0.78,1.62,80.3,10.78,7.64,175,23.5,-50,2711,29,,0.074814815,-0.001746667,0.073068148,0.072379381,308,34.27,180.15
320,312,180.92,4.73,2.53,-0.1,5.79,0.91,0.8,1.64,80.54,10.78,7.64,176,32,-50,2711,31,,0.071111111,-0.001753333,0.069357778,0.07265567,312,35.04,180.92
321,315,181.58,4.72,2.53,-0.11,5.83,0.9,0.8,1.65,80.8,10.78,7.62,176,28,-50,2711,33,,0.07308642,-0.00176,0.07132642,0.072931959,315,35.7,181.58
322,318,182.28,4.73,2.54,-0.09,5.87,0.92,0.81,1.66,81.08,10.78,7.62,177,28,-53,2711,34,,0.073580247,-0.001753333,0.071826914,0.073216495,318,36.4,182.28
323,320,182.97,4.73,2.53,-0.1,5.9,0.92,0.83,1.66,81.32,10.76,7.62,178,28.5,-50,2711,36,,0.07382716,-0.001753333,0.072073827,0.073501031,320,37.09,182.97
324,319,183.72,4.73,2.53,-0.09,5.93,0.92,0.84,1.67,81.64,10.78,7.6,179,27.5,-53,2711,37,,0.074814815,-0.001746667,0.073068148,0.073810309,319,37.84,183.72
325,318,184.4,4.73,2.52,-0.09,5.96,0.93,0.85,1.68,81.88,10.8,7.62,179,27.5,-50,2711,39,,0.074814815,-0.00174,0.073074815,0.074090722,318,38.52,184.4
326,315,185.18,4.84,2.52,-0.09,5.97,0.95,0.86,1.7,82.18,10.78,7.6,180.5,28.5,-53,2711,40,,0.075061728,-0.00174,0.073321728,0.07436701,315,39.3,185.18
327,318,185.95,4.85,2.52,-0.1,6.01,0.95,0.87,1.71,82.44,10.78,7.58,181,27.5,-53,2711,42,,0.075802469,-0.001746667,0.074055802,0.074680412,318,40.07,185.95
328,319,186.63,4.83,2.52,-0.09,6.02,0.95,0.87,1.72,82.68,10.76,7.58,181.5,28,-53,2711,43,,0.075802469,-0.00174,0.074062469,0.074969072,319,40.75,186.63
329,318,187.31,4.84,2.52,-0.1,6.07,0.95,0.88,1.73,82.92,10.76,7.56,182.5,28,-55,2711,45,,0.076296296,-0.001746667,0.07454963,0.075245361,318,41.43,187.31
330,322,187.99,4.84,2.53,-0.08,6.09,0.96,0.9,1.74,83.2,10.78,7.56,184,28.5,-53,2711,46,,0.076790123,-0.00174,0.075050123,0.075525773,322,42.11,187.99
331,318,188.87,4.95,2.53,-0.09,6.17,0.98,0.95,1.78,83.56,10.78,7.58,184,29,-53,2711,48,,0.07654321,-0.001746667,0.074796543,0.075843299,318,42.99,188.87
332,322,189.54,4.95,2.53,-0.09,6.18,0.98,0.94,1.79,83.8,10.78,7.56,184,30,-53,2711,50,,0.076049383,-0.001746667,0.074302716,0.076119588,322,43.66,189.54
333,321,190.32,4.95,2.52,-0.1,6.22,0.99,0.96,1.82,84.06,10.78,7.54,186,30,-53,2711,51,,0.077037037,-0.001746667,0.07529037,0.076441237,321,44.44,190.32
334,324,191.1,4.93,2.53,-0.1,6.24,0.99,0.97,1.82,84.32,10.78,7.56,185.5,29,-53,2711,53,,0.077283951,-0.001753333,0.075530617,0.076771134,324,45.22,191.1
335,324,191.78,4.95,2.54,-0.1,6.27,1.01,0.98,1.83,84.58,10.78,7.56,186.5,30,-53,2711,55,,0.077283951,-0.00176,0.075523951,0.077043299,324,45.9,191.78
336,325,192.55,5.04,2.53,-0.09,6.3,1.01,0.99,1.84,84.88,10.78,7.56,186.5,31,-53,2711,56,,0.076790123,-0.001746667,0.075043457,0.077323711,325,46.67,192.55
337,329,193.23,5.06,2.53,-0.09,6.34,1.01,1,1.85,85.12,10.78,7.56,188,31,-53,2711,58,,0.077530864,-0.001746667,0.075784198,0.077595876,329,47.35,193.23
338,333,193.85,5.05,2.52,-0.11,6.36,1.02,1.01,1.86,85.38,10.8,7.56,189,31,-55,2711,59,,0.078024691,-0.001753333,0.076271358,0.07785567,333,47.97,193.85
339,335,194.6,5.05,2.53,-0.1,6.38,1.03,1.02,1.86,85.62,10.78,7.54,189,30,-48,2711,101,,0.078518519,-0.001753333,0.076765185,0.078164948,335,48.72,194.6
340,340,195.27,5.11,2.51,-0.1,6.4,1.04,1.02,1.87,85.86,10.78,7.56,189.5,29.5,-53,2711,102,,0.079012346,-0.00174,0.077272346,0.078416495,340,49.39,195.27
341,345,195.86,5.16,2.52,-0.1,6.4,1.05,1.04,1.87,86.06,10.8,7.56,190,30.5,-55,2711,104,,0.078765432,-0.001746667,0.077018765,0.078639175,345,49.98,195.86
342,348,196.55,5.16,2.54,-0.09,6.42,1.06,1.04,1.88,86.34,10.78,7.56,191,30.5,-53,2711,106,,0.079259259,-0.001753333,0.077505926,0.078923711,348,50.67,196.55
343,353,197.23,5.15,2.53,-0.1,6.45,1.06,1.05,1.88,86.56,10.78,7.56,192,30,-53,2711,107,,0.08,-0.001753333,0.078246667,0.079208247,353,51.35,197.23
344,345,197.81,5.15,2.53,-0.09,6.45,1.07,1.05,1.89,86.78,10.78,7.54,192.5,29.5,-55,2711,109,,0.080493827,-0.001746667,0.07874716,0.079447423,345,51.93,197.81
345,327,198.58,5.26,2.52,-0.09,6.53,1.06,1.07,1.93,87,10.76,7.56,193,30,-53,2711,110,,0.080493827,-0.00174,0.078753827,0.079719588,327,52.7,198.58
346,329,199.19,5.25,2.53,-0.09,6.58,1.06,1.08,1.94,87.24,10.76,7.56,193,29.5,-53,2711,112,,0.080740741,-0.001746667,0.078994074,0.079975258,329,53.31,199.19
347,329,199.87,5.25,2.53,-0.09,6.61,1.07,1.1,1.96,87.42,10.76,7.58,194.5,30,-55,2711,113,,0.081234568,-0.001746667,0.079487901,0.08025567,329,53.99,199.87
348,328,200.44,5.26,2.53,-0.09,6.64,1.08,1.1,1.96,87.6,10.74,7.6,194,30,-53,2711,114,,0.080987654,-0.001746667,0.079240988,0.080486598,328,54.56,200.44
349,328,201.06,5.27,2.52,-0.11,6.68,1.08,1.11,1.97,87.82,10.76,7.6,195.5,30.5,-50,2711,116,,0.081481481,-0.001753333,0.079728148,0.080738144,328,55.18,201.06
350,331,201.73,5.36,2.51,-0.1,6.72,1.09,1.12,1.99,88.08,10.76,7.56,196.5,31.5,-55,2711,117,,0.081481481,-0.00174,0.079741481,0.08097732,331,55.85,201.73
351,329,202.31,5.36,2.52,-0.09,6.74,1.09,1.14,2,88.34,10.76,7.54,197,31.5,-53,2711,119,,0.081728395,-0.00174,0.079988395,0.081216495,329,56.43,202.31
352,327,202.99,5.36,2.52,-0.09,6.76,1.1,1.13,2,88.52,10.76,7.54,197.5,32,-50,2711,120,,0.081728395,-0.00174,0.079988395,0.081496907,327,57.11,202.99
353,330,203.56,5.37,2.51,-0.1,6.8,1.1,1.15,2.01,88.74,10.76,7.54,198.5,32,-53,2711,122,,0.082222222,-0.00174,0.080482222,0.081727835,330,57.68,203.56
354,330,204.16,5.37,2.52,-0.1,6.83,1.11,1.16,2.02,88.96,10.76,7.54,199,32,-50,2711,123,,0.082469136,-0.001746667,0.080722469,0.081975258,330,58.28,204.16
355,328,204.74,5.47,2.51,-0.1,6.86,1.11,1.18,2.03,89.2,10.76,7.54,199.5,32.5,-55,2711,125,,0.082469136,-0.00174,0.080729136,0.082173196,328,58.86,204.74
356,333,205.35,5.48,2.52,-0.1,6.88,1.12,1.19,2.04,89.44,10.74,7.54,199.5,33.5,-55,2711,126,,0.081975309,-0.001746667,0.080228642,0.082420619,333,59.47,205.35
357,337,206.01,5.48,2.52,-0.1,6.89,1.12,1.19,2.05,89.66,10.76,7.52,200,32.5,-53,2711,128,,0.082716049,-0.001746667,0.080969383,0.082692784,337,60.13,206.01
358,337,206.61,5.47,2.52,-0.11,6.9,1.12,1.19,2.06,89.82,10.74,7.54,201,32.5,-53,2711,129,,0.083209877,-0.001753333,0.081456543,0.08294433,337,60.73,206.61
359,337,207.28,5.48,2.51,-0.11,6.92,1.13,1.21,2.08,90.04,10.76,7.54,201.5,32.5,-53,2711,131,,0.08345679,-0.001746667,0.081710123,0.083216495,337,61.4,207.28
360,324,207.97,5.57,2.57,-0.11,7.07,1.13,1.22,2.14,90.2,10.76,7.54,203,31.5,-50,2711,132,,0.084691358,-0.001786667,0.082904691,0.083463918,324,62.09,207.97
361,320,208.37,5.57,2.56,-0.09,7.07,1.13,1.36,2.14,90.26,10.76,7.54,203,31.5,-53,2711,135,,0.084691358,-0.001766667,0.082924691,0.083628866,320,62.49,208.37
362,290,208.46,5.77,2.51,-0.1,7.12,1.14,1.5,2.14,0,10.66,7.92,201.5,32.5,-50,2711,1328,,0.08345679,-0.00174,0.08171679,0.083583505,290,62.58,208.46,83.01
363,290,208.46,5.76,2.52,-0.08,7.12,1.12,1.5,2.14,0,10.64,7.9,202,28,-50,2711,1437,,0.085925926,-0.001733333,0.084192593,0.083587629,290,-20.43,125.45,208.46
364,290,208.46,5.76,2.52,-0.07,7.12,1.12,1.49,2.15,0,10.66,7.92,202,30.5,-50,2711,1459,,0.084691358,-0.001726667,0.082964691,0.083587629,290,-20.43,125.45,208.46
365,297,209.12,5.77,2.53,-0.1,7.14,1.12,1.51,2.14,0,10.64,7.92,202.5,30.5,-55,2711,1501,,0.084938272,-0.001753333,0.083184938,0.08385567,297,-19.77,126.11,209.12
366,300,210.01,5.77,2.53,-0.1,7.16,1.12,1.52,2.15,0,10.64,7.9,203.5,30.5,-53,2711,1503,,0.085432099,-0.001753333,0.083678765,0.08422268,300,-18.88,127,210.01
367,302,210.86,5.78,2.53,-0.1,7.18,1.11,1.54,2.16,0,10.64,7.92,204.5,30,-53,2711,1504,,0.08617284,-0.001753333,0.084419506,0.084569072,302,-18.03,127.85,210.86
368,309,211.73,5.76,2.54,-0.11,7.24,1.12,1.55,2.18,0,10.64,7.9,206,30.5,-50,2711,1506,,0.086666667,-0.001766667,0.0849,0.084936082,309,-17.16,128.72,211.73
369,312,212.48,5.88,2.53,-0.1,7.28,1.13,1.55,2.19,0,10.64,7.9,206.5,31,-53,2711,1507,,0.086666667,-0.001753333,0.084913333,0.085195876,312,-16.41,129.47,212.48
370,312,213.35,5.89,2.52,-0.1,7.34,1.13,1.57,2.19,0,10.64,7.92,206.5,32,-50,2711,1509,,0.08617284,-0.001746667,0.084426173,0.085550515,312,-15.54,130.34,213.35
371,313,214.12,5.87,2.53,-0.1,7.38,1.12,1.56,2.2,0,10.62,7.9,208,32.5,-53,2711,1511,,0.086666667,-0.001753333,0.084913333,0.085876289,313,-14.77,131.11,214.12
372,315,214.99,5.88,2.54,-0.1,7.43,1.13,1.58,2.21,0,10.64,7.92,208.5,32,-53,2711,1512,,0.087160494,-0.00176,0.085400494,0.086230928,315,-13.9,131.98,214.99
373,320,215.76,5.89,2.56,-0.1,7.47,1.14,1.6,2.23,0,10.64,7.9,210,32,-50,2711,1514,,0.087901235,-0.001773333,0.086127901,0.08654433,320,-13.13,132.75,215.76
374,322,216.52,5.88,2.55,-0.11,7.51,1.14,1.6,2.24,0,10.64,7.9,210,32,-50,2711,1515,,0.087901235,-0.001773333,0.086127901,0.086861856,322,-12.37,133.51,216.52
375,323,217.3,5.94,2.55,-0.1,7.54,1.15,1.62,2.25,0,10.62,7.92,210.5,32,-50,2711,1517,,0.088148148,-0.001766667,0.086381481,0.087158763,323,-11.59,134.29,217.3
376,323,218.07,5.89,2.56,-0.1,7.57,1.16,1.62,2.27,0,10.62,7.9,212.5,32,-53,2711,1518,,0.089135802,-0.001773333,0.087362469,0.087496907,323,-10.82,135.06,218.07
377,321,218.84,5.89,2.57,-0.1,7.61,1.16,1.63,2.28,0,10.64,7.9,212.5,32.5,-50,2711,1520,,0.088888889,-0.00178,0.087108889,0.087814433,321,-10.05,135.83,218.84
378,322,219.61,5.89,2.58,-0.1,7.66,1.16,1.64,2.29,0,10.64,7.92,213.5,32,-50,2711,1522,,0.08962963,-0.001786667,0.087842963,0.088131959,322,-9.28,136.6,219.61
379,323,220.47,5.98,2.57,-0.09,7.71,1.17,1.65,2.3,0,10.64,7.9,214,33,-53,2711,1523,,0.089382716,-0.001773333,0.087609383,0.088449485,323,-8.42,137.46,220.47
380,329,221.24,5.99,2.57,-0.1,7.76,1.18,1.67,2.33,0,10.62,7.9,214.5,33.5,-53,2711,1525,,0.089382716,-0.00178,0.087602716,0.088762887,329,-7.65,138.23,221.24
381,330,222.01,5.99,2.6,-0.1,7.79,1.19,1.67,2.33,0,10.64,7.92,216,33.5,-53,2711,1526,,0.090123457,-0.0018,0.088323457,0.089080412,330,-6.88,139,222.01
382,330,222.89,6,2.61,-0.1,7.84,1.19,1.7,2.34,0,10.64,7.92,216.5,35.5,-50,2711,1528,,0.089382716,-0.001806667,0.087576049,0.089439175,330,-6,139.88,222.89
383,332,223.57,6,2.62,-0.1,7.87,1.2,1.7,2.36,0,10.64,7.9,217,35.5,-50,2711,1530,,0.08962963,-0.001813333,0.087816296,0.089719588,332,-5.32,140.56,223.57
384,331,224.31,6.1,2.63,-0.1,7.91,1.21,1.72,2.37,0,10.64,7.9,217.5,36,-53,2711,1531,,0.08962963,-0.00182,0.08780963,0.089983505,331,-4.58,141.3,224.31
385,332,225.08,6.1,2.63,-0.1,7.94,1.21,1.73,2.38,0,10.64,7.92,219,35.5,-53,2711,1533,,0.090617284,-0.00182,0.088797284,0.090301031,332,-3.81,142.07,225.08
386,333,225.85,6.1,2.63,-0.11,7.99,1.22,1.74,2.39,0,10.64,7.92,219,36,-50,2711,1535,,0.09037037,-0.001826667,0.088543704,0.090618557,333,-3.04,142.84,225.85
387,334,226.52,6.1,2.63,-0.1,8.03,1.22,1.75,2.41,0,10.64,7.92,220,35,-53,2711,1536,,0.091358025,-0.00182,0.089538025,0.090894845,334,-2.37,143.51,226.52
388,334,227.29,6.21,2.63,-0.1,8.05,1.22,1.78,2.42,0,10.66,7.92,220.5,34.5,-53,2711,1538,,0.091851852,-0.00182,0.090031852,0.09116701,334,-1.6,144.28,227.29
389,334,227.96,6.2,2.63,-0.1,8.09,1.24,1.79,2.43,0,10.64,7.92,221,34.5,-50,2711,1540,,0.092098765,-0.00182,0.090278765,0.091447423,334,-0.93,144.95,227.96
390,337,228.63,6.21,2.63,-0.09,8.12,1.24,1.79,2.43,0,10.62,7.9,221,34.5,-50,2711,1541,,0.092098765,-0.001813333,0.090285432,0.091719588,337,-0.26,145.62,228.63
391,337,229.4,6.2,2.64,-0.09,8.15,1.24,1.81,2.44,0,10.64,7.92,222,35,-50,2711,1543,,0.092345679,-0.00182,0.090525679,0.092041237,337,0.51,146.39,229.4
392,337,230.08,6.21,2.64,-0.09,8.19,1.25,1.82,2.45,0,10.62,7.9,223,37,-50,2711,1544,,0.091851852,-0.00182,0.090031852,0.092317526,337,1.19,147.07,230.08
393,337,230.75,6.31,2.64,-0.1,8.22,1.26,1.84,2.47,0,10.64,7.9,224,37,-50,2711,1546,,0.092345679,-0.001826667,0.090519012,0.092552577,337,1.86,147.74,230.75
394,338,231.46,6.3,2.65,-0.09,8.25,1.26,1.85,2.48,0,10.64,7.9,224,36.5,-50,2711,1548,,0.092592593,-0.001826667,0.090765926,0.092849485,338,2.57,148.45,231.46
395,339,232.19,6.31,2.63,-0.09,8.28,1.26,1.89,2.49,0,10.64,7.9,224.5,36.5,-50,2711,1549,,0.092839506,-0.001813333,0.091026173,0.093146392,339,3.3,149.18,232.19
396,339,232.78,6.31,2.63,-0.09,8.31,1.26,1.92,2.5,0,10.62,7.92,225.5,37,-50,2711,1551,,0.09308642,-0.001813333,0.091273086,0.093389691,339,3.89,149.77,232.78
397,341,233.45,6.31,2.64,-0.1,8.35,1.27,1.92,2.5,0,10.62,7.9,226.5,37.5,-50,2711,1553,,0.093333333,-0.001826667,0.091506667,0.093665979,341,4.56,150.44,233.45
398,341,234.12,6.42,2.63,-0.09,8.4,1.31,1.94,2.52,0,10.62,7.9,227.5,38,-53,2711,1554,,0.093580247,-0.001813333,0.091766914,0.093896907,341,5.23,151.11,234.12
399,342,234.7,6.42,2.64,-0.09,8.42,1.3,1.94,2.53,0,10.64,7.9,228,38.5,-50,2711,1556,,0.093580247,-0.00182,0.091760247,0.094136082,342,5.81,151.69,234.7
400,346,235.37,6.42,2.63,-0.1,8.48,1.31,1.96,2.53,0,10.64,7.92,228.5,39,-53,2711,1557,,0.093580247,-0.00182,0.091760247,0.094412371,346,6.48,152.36,235.37
401,344,236.04,6.42,2.64,-0.1,8.52,1.32,1.98,2.54,0,10.62,7.9,229,37.5,-50,2711,1559,,0.094567901,-0.001826667,0.092741235,0.09468866,344,7.15,153.03,236.04
402,345,236.66,6.42,2.64,-0.09,8.55,1.32,1.99,2.55,0,10.62,7.92,229.5,37,-53,2711,1601,,0.095061728,-0.00182,0.093241728,0.09494433,345,7.77,153.65,236.66
403,350,237.28,6.52,2.62,-0.11,8.58,1.33,1.99,2.55,0,10.64,7.92,229.5,37,-48,2711,1602,,0.095061728,-0.00182,0.093241728,0.095158763,350,8.39,154.27,237.28
404,348,237.97,6.54,2.62,-0.09,8.61,1.34,2.01,2.56,0,10.6,7.88,230.5,37.5,-50,2711,1604,,0.095308642,-0.001806667,0.093501975,0.095435052,348,9.08,154.96,237.97
405,350,238.54,6.52,2.64,-0.1,8.64,1.34,2.03,2.56,0,10.62,7.9,230.5,37,-53,2711,1605,,0.095555556,-0.001826667,0.093728889,0.095678351,350,9.65,155.53,238.54
406,349,239.12,6.53,2.63,-0.09,8.67,1.35,2.05,2.58,0,10.62,7.9,231.5,36.5,-50,2711,1607,,0.096296296,-0.001813333,0.094482963,0.095913402,349,10.23,156.11,239.12
407,349,239.8,6.63,2.63,-0.1,8.7,1.35,2.06,2.59,0,10.62,7.9,232.5,36.5,-53,2711,1609,,0.096790123,-0.00182,0.094970123,0.096152577,349,10.91,156.79,239.8
408,351,240.37,6.64,2.62,-0.09,8.73,1.37,2.08,2.6,0,10.64,7.92,233.5,38,-53,2711,1610,,0.09654321,-0.001806667,0.094736543,0.096383505,351,11.48,157.36,240.37
409,352,240.97,6.63,2.63,-0.09,8.77,1.36,2.09,2.61,0,10.62,7.92,234,37,-53,2711,1612,,0.097283951,-0.001813333,0.095470617,0.096635052,352,12.08,157.96,240.97
410,353,241.63,6.63,2.63,-0.09,8.79,1.37,2.09,2.61,0,10.62,7.92,234,37.5,-50,2711,1613,,0.097037037,-0.001813333,0.095223704,0.096907216,353,12.74,158.62,241.63
411,355,242.2,6.62,2.63,-0.1,8.81,1.4,2.11,2.62,0,10.6,7.9,235,37.5,-53,2711,1615,,0.097530864,-0.00182,0.095710864,0.097146392,355,13.31,159.19,242.2
412,354,242.78,6.73,2.63,-0.09,8.84,1.4,2.12,2.62,0,10.62,7.92,235,37,-50,2711,1617,,0.097777778,-0.001813333,0.095964444,0.097340206,354,13.89,159.77,242.78
413,355,243.36,6.74,2.62,-0.09,8.86,1.4,2.13,2.63,0,10.62,7.9,235.5,37.5,-50,2711,1618,,0.097777778,-0.001806667,0.095971111,0.097575258,355,14.47,160.35,243.36
414,355,243.93,6.74,2.62,-0.09,8.9,1.41,2.15,2.64,0,10.62,7.9,236,37.5,-50,2711,1620,,0.098024691,-0.001806667,0.096218025,0.097810309,355,15.04,160.92,243.93
415,352,244.61,6.73,2.63,-0.09,8.92,1.41,2.17,2.65,0,10.62,7.9,236,38,-53,2711,1621,,0.097777778,-0.001813333,0.095964444,0.098094845,352,15.72,161.6,244.61
416,352,245.2,6.75,2.62,-0.09,8.95,1.42,2.18,2.67,0,10.62,7.9,236.5,38,-50,2711,1623,,0.098024691,-0.001806667,0.096218025,0.098329897,352,16.31,162.19,245.2
417,355,245.86,6.84,2.63,-0.09,8.98,1.42,2.19,2.67,0,10.6,7.88,237.5,38,-53,2711,1625,,0.098518519,-0.001813333,0.096705185,0.098564948,355,16.97,162.85,245.86
418,353,246.44,6.84,2.63,-0.09,9.01,1.43,2.2,2.68,0,10.62,7.9,238.5,38,-50,2711,1626,,0.099012346,-0.001813333,0.097199012,0.098804124,353,17.55,163.43,246.44
419,355,247.02,6.84,2.64,-0.09,9.05,1.43,2.2,2.68,0,10.6,7.9,239,38,-53,2711,1628,,0.099259259,-0.00182,0.097439259,0.099043299,355,18.13,164.01,247.02
420,357,247.6,6.83,2.63,-0.09,9.08,1.43,2.23,2.69,0,10.6,7.9,238,37,-53,2711,1629,,0.099259259,-0.001813333,0.097445926,0.099286598,357,18.71,164.59,247.6
421,357,248.19,6.88,2.63,-0.09,9.12,1.44,2.25,2.71,0,10.6,7.9,239.5,38,-50,2711,1631,,0.099506173,-0.001813333,0.09769284,0.099509278,357,19.3,165.18,248.19
422,356,248.81,6.94,2.63,-0.08,9.14,1.44,2.26,2.71,0,10.58,7.9,240.5,37.5,-50,2711,1632,,0.100246914,-0.001806667,0.098440247,0.099740206,356,19.92,165.8,248.81
423,359,249.35,6.93,2.62,-0.09,9.18,1.45,2.26,2.71,0,10.62,7.9,240.5,37.5,-50,2711,1634,,0.100246914,-0.001806667,0.098440247,0.09996701,359,20.46,166.34,249.35
424,364,251.56,7.05,2.63,-0.09,9.33,1.47,2.31,2.74,0,10.6,7.9,243,38,-50,2711,1640,,0.101234568,-0.001813333,0.099421235,0.100828866,364,22.67,168.55,251.56
425,362,253.1,7.05,2.63,-0.08,9.4,1.5,2.34,2.77,0,10.58,7.9,244.5,36.5,-50,2711,1644,,0.102716049,-0.001806667,0.100909383,0.101463918,362,24.21,170.09,253.1
426,365,254.83,7.14,2.64,-0.08,9.49,1.51,2.38,2.79,0,10.58,7.9,246,37.5,-53,2711,1648,,0.102962963,-0.001813333,0.10114963,0.102140206,365,25.94,171.82,254.83
427,368,256,7.14,2.65,-0.07,9.54,1.52,2.41,2.8,0,10.58,7.9,248,38,-50,2711,1652,,0.103703704,-0.001813333,0.10189037,0.10262268,368,27.11,172.99,256
428,366,257.25,7.16,2.64,-0.08,9.6,1.52,2.42,2.82,0,10.54,7.9,248,37.5,-50,2711,1655,,0.103950617,-0.001813333,0.102137284,0.103129897,366,28.36,174.24,257.25
429,366,258.51,7.25,2.64,-0.09,9.65,1.52,2.46,2.84,0,10.56,7.9,249.5,37.5,-50,2711,1658,,0.104691358,-0.00182,0.102871358,0.103612371,366,29.62,175.5,258.51
430,368,259.48,7.24,2.65,-0.07,9.71,1.54,2.48,2.85,0,10.56,7.92,250,38.5,-53,2711,1701,,0.104444444,-0.001813333,0.102631111,0.104016495,368,30.59,176.47,259.48
431,369,260.44,7.34,2.64,-0.08,9.75,1.54,2.49,2.86,0,10.54,7.9,252,38,-53,2711,1703,,0.105679012,-0.001813333,0.103865679,0.104371134,369,31.55,177.43,260.44
432,370,261.38,7.35,2.64,-0.08,9.8,1.56,2.51,2.88,0,10.56,7.86,252,37,-53,2711,1706,,0.10617284,-0.001813333,0.104359506,0.104754639,370,32.49,178.37,261.38
433,372,262.28,7.36,2.64,-0.09,9.85,1.56,2.53,2.88,0,10.56,7.9,253.5,37.5,-55,2711,1708,,0.106666667,-0.00182,0.104846667,0.105121649,372,33.39,179.27,262.28
434,372,263.15,7.46,2.63,-0.08,9.9,1.59,2.57,2.9,0,10.56,7.9,253.5,39.5,-50,2711,1711,,0.105679012,-0.001806667,0.103872346,0.105439175,372,34.26,180.14,263.15
435,373,264.11,7.46,2.63,-0.09,9.94,1.61,2.57,2.91,0,10.56,7.9,255.5,39.5,-50,2711,1713,,0.106666667,-0.001813333,0.104853333,0.105835052,373,35.22,181.1,264.11
436,373,265.08,7.46,2.63,-0.09,9.99,1.61,2.59,2.93,0,10.58,7.92,255,40.5,-48,2711,1716,,0.105925926,-0.001813333,0.104112593,0.106235052,373,36.19,182.07,265.08
437,375,266.17,7.57,2.63,-0.09,10.04,1.62,2.61,2.95,0,10.56,7.9,256,40,-53,2711,1719,,0.106666667,-0.001813333,0.104853333,0.106639175,375,37.28,183.16,266.17
438,375,267.21,7.56,2.63,-0.1,10.13,1.64,2.64,2.96,0,10.56,7.9,257.5,40.5,-53,2711,1722,,0.107160494,-0.00182,0.105340494,0.107072165,375,38.32,184.2,267.21
439,377,268.09,7.57,2.62,-0.1,10.18,1.65,2.7,2.96,0,10.58,7.92,258.5,41,-53,2711,1724,,0.107407407,-0.001813333,0.105594074,0.107430928,377,39.2,185.08,268.09
440,382,269.06,7.67,2.63,-0.08,10.21,1.64,2.72,2.98,0,10.54,7.9,258.5,40.5,-50,2711,1727,,0.107654321,-0.001806667,0.105847654,0.107789691,382,40.17,186.05,269.06
441,380,269.98,7.67,2.62,-0.1,10.26,1.65,2.74,2.99,0,10.56,7.92,260,40,-53,2711,1729,,0.108641975,-0.001813333,0.106828642,0.108169072,380,41.09,186.97,269.98
442,378,270.9,7.67,2.62,-0.09,10.31,1.69,2.75,3,0,10.56,7.9,261.5,39,-50,2711,1732,,0.109876543,-0.001806667,0.108069877,0.108548454,378,42.01,187.89,270.9
443,379,271.88,7.77,2.63,-0.09,10.34,1.69,2.77,3.03,0,10.54,7.9,261.5,38.5,-50,2711,1735,,0.110123457,-0.001813333,0.108310123,0.10891134,379,42.99,188.87,271.88
444,382,272.93,7.77,2.62,-0.07,10.4,1.69,2.79,3.03,0,10.54,7.9,262.5,39,-50,2711,1737,,0.11037037,-0.001793333,0.108577037,0.10934433,382,44.04,189.92,272.93
445,382,274,7.78,2.63,-0.09,10.46,1.7,2.81,3.05,0,10.56,7.9,263.5,40,-55,2711,1740,,0.11037037,-0.001813333,0.108557037,0.109781443,382,45.11,190.99,274
446,386,276.14,7.89,2.62,-0.1,10.56,1.73,2.85,3.09,0,10.56,7.9,265.5,40.5,-50,2711,1746,,0.111111111,-0.001813333,0.109297778,0.110618557,386,47.25,193.13,276.14
447,391,278.66,7.99,2.62,-0.11,10.7,1.74,2.9,3.14,0,10.56,7.9,268,41,-50,2711,1753,,0.112098765,-0.00182,0.110278765,0.111616495,391,49.77,195.65,278.66
448,395,280.82,8.1,2.62,-0.12,10.77,1.76,2.93,3.16,0,10.56,7.9,270.5,42,-50,2711,1759,,0.112839506,-0.001826667,0.11101284,0.112461856,395,51.93,197.81,280.82
449,398,282.56,8.1,2.61,-0.13,10.86,1.79,2.96,3.19,0,10.58,7.9,271.5,41,-53,2711,1804,,0.11382716,-0.001826667,0.112000494,0.113179381,398,53.67,199.55,282.56
450,397,285.98,8.3,2.62,-0.1,11.04,1.82,3.02,3.26,0,10.54,7.92,274.5,41.5,-50,2711,1814,,0.115061728,-0.001813333,0.113248395,0.114507216,397,57.09,202.97,285.98
451,399,287.45,8.31,2.63,-0.12,11.11,1.82,3.06,3.28,0,10.54,7.9,276,42,-53,2711,1819,,0.115555556,-0.001833333,0.113722222,0.115109278,399,58.56,204.44,287.45
452,403,288.82,8.4,2.62,-0.11,11.18,1.83,3.07,3.3,0,10.54,7.88,278,42,-50,2711,1822,,0.11654321,-0.00182,0.11472321,0.115637113,403,59.93,205.81,288.82
453,405,290.58,8.41,2.63,-0.11,11.27,1.84,3.1,3.32,0,10.54,7.9,280,41.5,-48,2711,1828,,0.117777778,-0.001826667,0.115951111,0.116358763,405,61.69,207.57,290.58
454,405,292.44,8.51,2.62,-0.1,11.38,1.88,3.15,3.35,0,10.54,7.9,280.5,41,-53,2711,1833,,0.118271605,-0.001813333,0.116458272,0.117084536,405,63.55,209.43,292.44
455,408,293.72,8.5,2.62,-0.11,11.48,1.89,3.2,3.38,0,10.54,7.88,282,42,-50,2711,1837,,0.118518519,-0.00182,0.116698519,0.117616495,408,64.83,210.71,293.72
456,412,294.69,8.61,2.63,-0.11,11.52,1.9,3.2,3.4,0,10.54,7.9,283.5,41.5,-53,2711,1840,,0.119506173,-0.001826667,0.117679506,0.117971134,412,65.8,211.68,294.69
457,411,295.96,8.61,2.62,-0.11,11.58,1.91,3.24,3.41,0,10.52,7.88,284,41,-53,2711,1843,,0.12,-0.00182,0.11818,0.118494845,411,67.07,212.95,295.96
458,408,296.65,8.6,2.62,-0.09,11.62,1.91,3.24,3.43,0,10.52,7.88,285,41,-50,2711,1847,,0.120493827,-0.001806667,0.11868716,0.118783505,408,67.76,213.64,296.65
459,389,296.65,8.82,2.61,-0.24,11.65,1.93,3.28,3.43,0,10.54,7.9,284,43.5,-50,2711,1947,,0.118765432,-0.0019,0.116865432,0.118692784,389,67.76,213.64,296.65
460,361,295.47,8.73,2.63,-0.11,11.64,1.92,3.29,3.44,0,10.54,7.9,282.5,44,-50,2711,1950,,0.117777778,-0.001826667,0.115951111,0.118243299,361,66.58,212.46,295.47
461,353,294.39,8.73,2.62,-0.12,11.63,1.94,3.27,3.44,0,10.54,7.9,281.5,44,-53,2711,1953,,0.117283951,-0.001826667,0.115457284,0.117797938,353,65.5,211.38,294.39
462,346,293.42,8.73,2.62,-0.1,11.6,1.93,3.26,3.43,0,10.52,7.9,280.5,43,-53,2711,1956,,0.117283951,-0.001813333,0.115470617,0.117397938,346,64.53,210.41,293.42
463,340,292.54,8.72,2.62,-0.12,11.59,1.93,3.25,3.43,0,10.52,7.9,280,42,-50,2711,1958,,0.117530864,-0.001826667,0.115704198,0.117039175,340,63.65,209.53,292.54
464,333,291.56,8.69,2.62,-0.11,11.57,1.92,3.23,3.43,0,10.52,7.9,278.5,41,-58,2711,2000,,0.117283951,-0.00182,0.115463951,0.116647423,333,62.67,208.55,291.56
465,325,290.28,8.62,2.63,-0.11,11.55,1.91,3.22,3.42,0,10.54,7.88,277.5,41,-53,2711,2003,,0.116790123,-0.001826667,0.114963457,0.116148454,325,61.39,207.27,290.28
466,322,289.3,8.62,2.64,-0.1,11.51,1.91,3.2,3.42,0,10.54,7.86,277.5,40.5,-53,2711,2006,,0.117037037,-0.001826667,0.11521037,0.11574433,322,60.41,206.29,289.3
467,315,288.23,8.6,2.64,-0.1,11.48,1.89,3.18,3.41,0,10.52,7.88,275.5,41.5,-55,2711,2008,,0.115555556,-0.001826667,0.113728889,0.11531134,315,59.34,205.22,288.23
468,307,286.32,8.61,2.65,-0.1,11.4,1.89,3.16,3.39,0,10.52,7.88,274.5,39.5,-50,2711,2013,,0.116049383,-0.001833333,0.114216049,0.114519588,307,57.43,203.31,286.32
469,297,284.03,8.5,2.63,-0.11,11.28,1.88,3.13,3.37,0,10.5,7.88,272.5,39.5,-55,2711,2019,,0.115061728,-0.001826667,0.113235062,0.113620619,297,55.14,201.02,284.03
470,285,281.59,8.48,2.64,-0.09,11.14,1.87,3.1,3.36,0,10.52,7.88,270.5,39.5,-53,2711,2024,,0.114074074,-0.00182,0.112254074,0.11262268,285,52.7,198.58,281.59
471,276,279.06,8.44,2.63,-0.1,10.98,1.86,3.04,3.33,0,10.52,7.92,267.5,39.5,-53,2711,2030,,0.112592593,-0.00182,0.110772593,0.111595876,276,50.17,196.05,279.06
472,270,277.4,8.4,2.63,-0.11,10.88,1.85,3.02,3.31,0,10.52,7.9,266,39,-55,2711,2033,,0.112098765,-0.001826667,0.110272099,0.110927835,270,48.51,194.39,277.4
473,260,275.47,8.41,2.64,-0.09,10.75,1.85,2.99,3.29,0,10.52,7.88,265,40,-55,2711,2037,,0.111111111,-0.00182,0.109291111,0.110127835,260,46.58,192.46,275.47
474,255,273.91,8.4,2.63,-0.09,10.65,1.84,2.98,3.27,0,10.5,7.88,262.5,39,-53,2711,2041,,0.11037037,-0.001813333,0.108557037,0.10948866,255,45.02,190.9,273.91
475,252,272.45,8.3,2.64,-0.08,10.54,1.84,2.96,3.25,0,10.52,7.9,261,38.5,-50,2711,2044,,0.109876543,-0.001813333,0.10806321,0.108927835,252,43.56,189.44,272.45
476,247,271.19,8.3,2.64,-0.1,10.46,1.83,2.94,3.23,0,10.5,7.92,259.5,38.5,-55,2711,2047,,0.109135802,-0.001826667,0.107309136,0.108408247,247,42.3,188.18,271.19
477,242,269.53,8.3,2.64,-0.1,10.4,1.82,2.92,3.21,0,10.52,7.88,258.5,38,-50,2711,2051,,0.108888889,-0.001826667,0.107062222,0.107723711,242,40.64,186.52,269.53
478,238,268.38,8.3,2.63,-0.1,10.33,1.82,2.91,3.21,0,10.52,7.9,257.5,38.5,-55,2711,2053,,0.108148148,-0.00182,0.106328148,0.107249485,238,39.49,185.37,268.38
479,235,267.12,8.3,2.63,-0.09,10.24,1.82,2.9,3.18,0,10.52,7.9,256,38,-50,2711,2056,,0.107654321,-0.001813333,0.105840988,0.106729897,235,38.23,184.11,267.12
480,230,265.85,8.2,2.63,-0.09,10.16,1.82,2.88,3.17,0,10.52,7.9,254.5,38.5,-55,2711,2059,,0.106666667,-0.001813333,0.104853333,0.106247423,230,36.96,182.84,265.85
481,226,264.5,8.2,2.52,-0.09,10.08,1.82,2.86,3.16,0,10.52,7.9,254,39,-53,2711,2102,,0.10617284,-0.00174,0.10443284,0.105690722,226,35.61,181.49,264.5
482,220,263.14,8.2,2.54,-0.09,9.96,1.81,2.85,3.15,0,10.54,7.9,252.5,38.5,-55,2711,2105,,0.105679012,-0.001753333,0.103925679,0.105129897,220,34.25,180.13,263.14
483,223,261.12,8.2,2.51,-0.08,9.88,1.78,2.81,3.12,0,10.54,7.9,250,38,-53,2711,2109,,0.104691358,-0.001726667,0.102964691,0.104296907,223,32.23,178.11,261.12
484,221,259.76,8.08,2.53,-0.06,9.84,1.78,2.79,3.12,0,10.54,7.9,249,38,-53,2711,2113,,0.104197531,-0.001726667,0.102470864,0.103785567,221,30.87,176.75,259.76
485,218,259.09,8.09,2.52,-0.06,9.81,1.77,2.78,3.11,0,10.54,7.9,248.5,37.5,-53,2711,2115,,0.104197531,-0.00172,0.102477531,0.103505155,218,30.2,176.08,259.09
486,216,258.8,8.07,2.53,-0.06,9.78,1.78,2.78,3.1,0,10.52,7.92,248.5,37.5,-50,2711,2119,,0.104197531,-0.001726667,0.102470864,0.103393814,216,29.91,175.79,258.8
487,209,255.99,8.08,2.52,-0.07,9.61,1.78,2.75,3.09,0,10.52,7.9,245.5,37,-53,2711,2133,,0.102962963,-0.001726667,0.101236296,0.102230928,209,27.1,172.98,255.99
488,194,251.16,7.98,2.52,-0.07,9.33,1.76,2.7,3.02,0,10.54,7.92,240.5,36,-53,2711,2144,,0.100987654,-0.001726667,0.099260988,0.100280412,194,22.27,168.15,251.16
489,174,245.86,7.87,2.53,-0.07,8.99,1.75,2.63,2.94,0,10.52,7.92,235.5,35.5,-53,2711,2155,,0.098765432,-0.001733333,0.097032099,0.098140206,174,16.97,162.85,245.86
490,169,241.81,7.78,2.52,-0.07,8.77,1.74,2.59,2.91,0,10.52,7.92,231,35,-53,2711,2203,,0.096790123,-0.001726667,0.095063457,0.096507216,169,12.92,158.8,241.81
491,167,241.26,7.77,2.52,-0.07,8.74,1.73,2.59,2.9,0,10.54,7.9,231.5,35.5,-53,2711,2205,,0.096790123,-0.001726667,0.095063457,0.096284536,167,12.37,158.25,241.26
492,161,239.79,7.78,2.41,-0.07,8.65,1.73,2.58,2.88,0,10.52,7.92,229,35.5,-55,2711,2208,,0.095555556,-0.001653333,0.093902222,0.095674227,161,10.9,156.78,239.79
493,157,237.58,7.66,2.42,-0.09,8.52,1.72,2.55,2.84,0,10.54,7.94,227.5,34.5,-53,2711,2215,,0.095308642,-0.001673333,0.093635309,0.094812371,157,8.69,154.57,237.58
494,153,236.91,7.68,2.41,-0.07,8.48,1.71,2.54,2.84,0,10.54,7.9,227.5,35,-53,2711,2218,,0.095061728,-0.001653333,0.093408395,0.094527835,153,8.02,153.9,236.91
495,151,236.42,7.66,2.43,-0.07,8.45,1.71,2.53,2.84,0,10.52,7.92,226,34.5,-53,2711,2220,,0.094567901,-0.001666667,0.092901235,0.094334021,151,7.53,153.41,236.42
496,150,235.75,7.67,2.41,-0.05,8.38,1.71,2.52,2.83,0,10.52,7.9,225.5,35,-53,2711,2223,,0.094074074,-0.00164,0.092434074,0.094053608,150,6.86,152.74,235.75
497,143,232.96,7.57,2.42,-0.07,8.21,1.7,2.49,2.8,0,10.52,7.92,223,34,-50,2711,2231,,0.093333333,-0.00166,0.091673333,0.09294433,143,4.07,149.95,232.96
498,136,230.37,7.57,2.42,-0.07,8,1.7,2.46,2.77,0,10.52,7.92,220.5,33.5,-55,2711,2237,,0.092345679,-0.00166,0.090685679,0.091876289,136,1.48,147.36,230.37
499,130,227.38,7.45,2.42,-0.06,7.86,1.69,2.43,2.74,0,10.52,7.92,217.5,31,-53,2711,2243,,0.092098765,-0.001653333,0.090445432,0.090692784,130,-1.51,144.37,227.38
500,124,225.46,7.45,2.42,-0.06,7.75,1.69,2.41,2.7,0,10.54,7.92,215.5,32,-53,2711,2247,,0.090617284,-0.001653333,0.088963951,0.089901031,124,-3.43,142.45,225.46
501,111,222.2,7.36,2.31,-0.06,7.53,1.69,2.38,2.65,0,10.54,7.92,212.5,33,-53,2711,2254,,0.088641975,-0.00158,0.087061975,0.088593814,111,-6.69,139.19,222.2
502,107,218.54,7.25,2.31,-0.06,7.34,1.66,2.34,2.6,0,10.54,7.94,209,32,-53,2711,2301,,0.087407407,-0.00158,0.085827407,0.087129897,107,-10.35,135.53,218.54
503,91,214.79,7.15,2.32,-0.07,7.12,1.65,2.29,2.54,0,10.54,7.94,204.5,31.5,-53,2711,2309,,0.085432099,-0.001593333,0.083838765,0.085624742,91,-14.1,131.78,214.79
504,83,210.38,7.05,2.21,-0.07,6.91,1.65,2.26,2.44,0,10.54,7.94,200.5,31,-53,2711,2317,,0.083703704,-0.00152,0.082183704,0.083847423,83,-18.51,127.37,210.38
505,76,207.21,7.05,2.22,-0.07,6.73,1.64,2.24,2.39,0,10.54,7.94,197.5,31.5,-53,2711,2324,,0.081975309,-0.001526667,0.080448642,0.082540206,76,-21.68,124.2,207.21
506,51,203.63,6.93,2.2,-0.07,6.48,1.64,2.22,2.32,0,10.54,7.92,194,30.5,-53,2711,2331,,0.080740741,-0.001513333,0.079227407,0.081113402,51,-25.26,120.62,203.63
507,46,199.4,6.83,2.11,-0.06,6.25,1.63,2.18,2.24,0,10.54,7.94,190,28.5,-53,2711,2340,,0.079753086,-0.001446667,0.07830642,0.079410309,46,-29.49,116.39,199.4
508,33,194.97,6.73,2.12,-0.05,6.01,1.61,2.15,2.16,0,10.52,7.92,186,28,-58,2711,2349,,0.078024691,-0.001446667,0.076578025,0.077624742,33,-33.92,111.96,194.97
509,14,192.25,6.62,2.11,-0.06,5.8,1.61,2.1,2.09,0,10.52,7.92,183.5,28,-53,2711,2355,,0.076790123,-0.001446667,0.075343457,0.076548454,14,-36.64,109.24,192.25
510,4,183.71,6.42,2,-0.08,5.36,1.52,2.04,1.93,0,10.54,7.94,174,27,-53,2711,2414,,0.072592593,-0.001386667,0.071205926,0.073109278,4,-45.18,100.7,183.71
511,7,182.07,6.3,2,-0.06,5.28,1.52,2.04,1.91,0,10.54,7.92,173.5,26.5,-53,2711,2418,,0.072592593,-0.001373333,0.071219259,0.072482474,7,-46.82,99.06,182.07
,,,,,,,,,,,,,,,,,,,,,,,,,,
