,â◊èd,ïœà 1,ïœà 2,ïœà 3,ïœà 4,ïœà 5,ïœà 6,ïœà 7,ïœà 8,9,10,11,ïœ12,ïœ13,14,ì˙Å@éû,ï™Å@ïb,,
7,-8,-0.19,0.02,0.02,0.01,0,0,-0.01,0,0,0,0,-0.5,0,0,2613,4112,0,70
8,-4,0.47,0.02,0.01,0.01,0.03,0.01,0,0,0,0,0,-1.5,0,0,2613,4114,0,80
9,0,1.34,0.02,0.02,0,0.05,0.01,-0.03,0,0,0,0,-1.5,0,0,2613,4115,0,90
10,6,2.21,0.02,0.01,0,0.07,0,-0.05,0.01,0,0,0,-2.5,-0.5,0,2613,4116,0,100
11,6,2.97,0.13,0,0,0.09,0,-0.08,0.02,0,0,0,-4,-0.5,0,2613,4118,0,110
12,8,3.84,0.13,0.02,0,0.11,0.01,-0.1,0.01,0,0,0,-4,0,0,2613,4119,0,120
13,11,4.71,0.12,0.01,0.01,0.13,-0.01,-0.12,0,0,0,0,-5,-0.5,0,2613,4120,0,130
14,14,5.48,0.12,0.01,0,0.15,-0.01,-0.14,0,0,0,0,-5,0,0,2613,4122,0,140
15,16,6.35,0.23,0.01,0,0.19,-0.01,-0.16,0,0,0,0,-7,0,0,2613,4123,0,150
16,18,7.21,0.22,0,0.01,0.2,-0.01,-0.17,0,0,0,0,-6.5,0,0,2613,4124,0,160
17,19,8.08,0.22,0.01,0.01,0.22,-0.02,-0.19,0.01,0,0,0,-8.5,-0.5,0,2613,4126,0,170
18,22,8.93,0.22,0,0,0.24,-0.01,-0.21,0,0,0,0,-9,-0.5,0,2613,4127,0,180
19,25,9.81,0.32,0.01,0,0.26,-0.02,-0.23,0.03,0,0,0,-10,-1,0,2613,4129,0,190
20,23,10.78,0.33,0.01,0.01,0.28,-0.02,-0.23,0.04,0,0,0,-10,-0.5,0,2613,4130,0,200
21,26,11.74,0.33,0.01,0,0.31,-0.02,-0.25,0.05,0,0,0,-11,-1,0,2613,4132,0,210
22,28,12.69,0.33,0,0.01,0.34,-0.02,-0.27,0.06,0,0,0,-12.5,-1.5,0,2613,4133,0,220
23,30,13.65,0.43,0,0,0.37,-0.02,-0.28,0.1,0,0,0,-14,-2,0,2613,4135,0,230
24,33,14.72,0.43,0,0,0.4,-0.02,-0.29,0.1,0,0,0,-14,-2,0,2613,4137,0,240
25,34,15.59,0.43,0.01,0,0.42,-0.02,-0.32,0.11,0,0,0,-15.5,-2,0,2613,4138,0,250
26,36,16.45,0.43,0,0,0.44,-0.01,-0.33,0.12,0,0,0,-16,-2.5,0,2613,4139,0,260
27,36,17.41,0.53,0.01,0,0.46,-0.02,-0.34,0.14,0,0,0,-16.5,-1.5,0,2613,4141,0,270
28,37,18.39,0.54,0.01,0,0.5,-0.02,-0.35,0.15,0,0,0,-18,-2,0,2613,4143,0,280
29,39,19.34,0.53,0.01,0,0.52,-0.02,-0.36,0.17,0,0,0,-19.5,-2,0,2613,4144,0,290
30,42,20.37,0.54,0.02,0,0.52,-0.03,-0.36,0.2,0,0,0,-19.5,-2,0,2613,4146,0,300
31,43,21.27,0.65,0.01,0.01,0.58,-0.02,-0.38,0.2,0,0,0,-20.5,-2.5,0,2613,4147,0,310
32,43,22.24,0.65,0.01,0.01,0.61,-0.02,-0.38,0.22,0,0,0,-21.5,-3,0,2613,4149,0,320
33,46,23.3,0.65,0.01,0,0.64,-0.02,-0.39,0.24,0,0,0,-23,-2.5,0,2613,4151,0,330
34,48,24.37,0.65,0.01,0.01,0.67,-0.03,-0.4,0.25,0,0,0,-24,-3,0,2613,4152,0,340
35,49,25.33,0.75,0.01,0,0.7,-0.02,-0.42,0.28,0,0,0,-24.5,-3,0,2613,4154,0,350
36,51,26.49,0.74,0,0.01,0.75,-0.02,-0.41,0.29,0,0,0,-26.5,-3,0,2613,4156,0,360
37,49,27.2,0.73,-0.01,-0.01,0.73,-0.03,-0.44,0.3,0,0,0,-25.5,-3,0,2613,4227,0,370
38,42,26.4,0.74,0,0.01,0.75,-0.03,-0.44,0.3,0,0,0,-24.5,-2,0,2613,4229,0,380
39,39,25.52,0.75,0,0,0.73,-0.02,-0.44,0.3,0,0,0,-24,-1.5,0,2613,4230,0,390
40,35,24.56,0.75,0,0,0.69,-0.02,-0.45,0.28,0,0,0,-23,-1,0,2613,4232,0,400
41,34,23.7,0.74,0,0,0.66,-0.02,-0.45,0.26,0,0,0,-22,-1.5,0,2613,4233,0,410
42,32,22.81,0.76,0,0,0.64,-0.02,-0.46,0.25,0,0,0,-21.5,-1.5,0,2613,4235,0,420
43,30,21.95,0.73,0.01,-0.01,0.6,-0.02,-0.44,0.24,0,0,0,-20.5,-2,0,2613,4236,0,430
44,28,21.13,0.66,0,-0.01,0.57,-0.02,-0.43,0.22,0,0,0,-20.5,-1.5,0,2613,4237,0,440
45,25,20.31,0.65,0,0,0.54,-0.02,-0.43,0.2,0,0,0,-19,-1.5,0,2613,4239,0,450
46,22,19.45,0.64,0,0,0.52,-0.03,-0.42,0.18,0,0,0,-17.5,-1.5,0,2613,4240,0,460
47,21,18.59,0.65,0.01,0,0.49,-0.02,-0.42,0.16,0,0,0,-17,-2.5,0,2613,4242,0,470
48,18,17.71,0.65,0,0,0.46,-0.01,-0.4,0.14,0,0,0,-17,-2,0,2613,4243,0,480
49,17,16.84,0.54,0,0.02,0.44,-0.02,-0.41,0.13,0,0,0,-15.5,-1.5,0,2613,4244,0,490
50,16,16.01,0.53,-0.01,0.01,0.4,-0.02,-0.38,0.11,0,0,0,-15,-2,0,2613,4246,0,500
51,13,15.2,0.54,0,0,0.38,-0.02,-0.37,0.09,0,0,0,-14,-1,0,2613,4247,0,510
52,12,14.34,0.54,0.01,0.01,0.36,-0.02,-0.35,0.08,0,0,0,-13.5,-1.5,0,2613,4249,0,520
53,11,13.46,0.54,0.01,0,0.34,-0.02,-0.33,0.06,0,0,0,-12.5,-1.5,0,2613,4250,0,530
54,9,12.51,0.44,0,0,0.31,-0.02,-0.33,0.03,0,0,0,-11.5,-1.5,0,2613,4252,0,540
55,6,11.64,0.43,0.01,0.01,0.28,-0.02,-0.3,0.03,0,0,0,-11.5,-1.5,0,2613,4253,0,550
56,6,10.68,0.44,0,0,0.26,-0.02,-0.28,-0.01,0,0,0,-11,-1,0,2613,4255,0,560
57,2,9.75,0.44,0,0.01,0.24,-0.02,-0.25,0,0,0,0,-9,-1.5,0,2613,4256,0,570
58,1,8.85,0.33,0,0.02,0.22,-0.01,-0.24,-0.01,0,0,0,-9,-1,0,2613,4258,0,580
59,-2,7.89,0.33,0.01,0,0.2,-0.02,-0.21,-0.01,0,0,0,-7.5,-0.5,0,2613,4259,0,590
60,-5,7.02,0.33,0,0.01,0.18,-0.02,-0.19,-0.02,0,0,0,-6.5,0,0,2613,4301,0,600
61,-5,6.23,0.31,0.01,-0.01,0.15,-0.02,-0.16,-0.02,0,0,0,-6.5,1,0,2613,4302,0,610
62,-2,6.25,0.23,0.01,0.01,0.16,-0.02,-0.16,-0.02,0,0,0,-6.5,-1,0,2613,4321,0,620
63,2,7.11,0.33,0,0,0.17,-0.02,-0.18,-0.03,0,0,0,-7.5,-1.5,0,2613,4322,0,630
64,5,7.88,0.33,0.01,0,0.19,-0.02,-0.19,-0.02,0,0,0,-8.5,-1.5,0,2613,4324,0,640
65,9,8.64,0.33,0.01,0,0.21,-0.02,-0.21,-0.02,0,0,0,-9,-1.5,0,2613,4325,0,650
66,12,9.41,0.34,0.01,0,0.24,-0.02,-0.22,-0.02,0,0,0,-10,-2,0,2613,4326,0,660
67,13,10.29,0.43,0,0.01,0.25,-0.01,-0.25,-0.02,0,0,0,-10.5,-1,0,2613,4328,0,670
68,15,11.06,0.44,0.01,0.01,0.28,-0.02,-0.26,-0.01,0,0,0,-11.5,-2,0,2613,4329,0,680
69,17,11.83,0.43,0,0,0.3,-0.01,-0.28,0.01,0,0,0,-12,-2,0,2613,4330,0,690
70,20,12.7,0.43,0,0,0.33,-0.02,-0.28,0.03,0,0,0,-12.5,-2.5,0,2613,4332,0,700
71,20,13.47,0.43,0,-0.01,0.35,-0.02,-0.29,0.04,0,0,0,-13.5,-2.5,0,2613,4333,0,710
72,23,14.33,0.55,0,0,0.38,-0.02,-0.3,0.06,0,0,0,-14,-2.5,0,2613,4334,0,720
73,24,15.11,0.54,0.01,0,0.4,-0.02,-0.32,0.08,0,0,0,-14.5,-2,0,2613,4336,0,730
74,26,15.88,0.53,-0.01,-0.01,0.42,-0.02,-0.33,0.09,0,0,0,-15.5,-1,0,2613,4337,0,740
75,28,16.73,0.53,-0.01,0,0.44,-0.02,-0.33,0.11,0,0,0,-16.5,-1.5,0,2613,4338,0,750
76,29,17.51,0.56,0,-0.01,0.46,-0.02,-0.35,0.11,0,0,0,-17.5,-1,0,2613,4339,0,760
77,31,18.28,0.65,0.01,-0.01,0.48,-0.03,-0.36,0.13,0,0,0,-18,-1,0,2613,4341,0,770
78,32,19.15,0.65,-0.01,-0.01,0.51,-0.03,-0.38,0.15,0,0,0,-18.5,-1.5,0,2613,4342,0,780
79,34,19.93,0.65,0,0,0.54,-0.03,-0.39,0.16,0,0,0,-20,-1,0,2613,4344,0,790
80,37,20.75,0.65,-0.01,0,0.56,-0.03,-0.39,0.18,0,0,0,-20.5,-1.5,0,2613,4345,0,800
81,38,21.56,0.65,0,-0.01,0.58,-0.04,-0.4,0.19,0,0,0,-21.5,-1.5,0,2613,4346,0,810
82,40,22.34,0.72,0.01,0,0.6,-0.02,-0.41,0.21,0,0,0,-21.5,-2.5,0,2613,4347,0,820
83,41,23.11,0.75,0.01,0,0.63,-0.02,-0.41,0.22,0,0,0,-22.5,-2.5,0,2613,4349,0,830
84,43,23.89,0.75,0.01,0,0.66,-0.02,-0.41,0.23,0,0,0,-23,-2.5,0,2613,4350,0,840
85,45,24.65,0.75,0,0,0.67,-0.03,-0.43,0.25,0,0,0,-23.5,-2.5,0,2613,4351,0,850
86,47,25.43,0.75,0,0,0.69,-0.02,-0.43,0.27,0,0,0,-24.5,-2.5,0,2613,4353,0,860
87,48,26.22,0.75,0,0,0.72,-0.02,-0.43,0.28,0,0,0,-25.5,-2.5,0,2613,4354,0,870
88,51,27.06,0.75,0,0,0.74,-0.02,-0.44,0.29,0,0,0,-26,-2.5,0,2613,4355,0,880
89,53,27.76,0.85,-0.01,0.01,0.76,-0.02,-0.44,0.3,0,0,0,-27,-3.5,0,2613,4357,0,890
90,53,28.59,0.85,0,0.01,0.8,-0.02,-0.44,0.32,0,0,0,-27.5,-3.5,0,2613,4358,0,900
91,54,29.29,0.86,0.01,0.01,0.83,-0.02,-0.45,0.32,0,0,0,-28.5,-3,0,2613,4359,0,910
92,56,30.06,0.86,0.01,0.01,0.85,-0.02,-0.46,0.34,0,0,0,-28.5,-3.5,0,2613,4400,0,920
93,57,30.79,0.87,0,0,0.87,-0.02,-0.45,0.33,0,0,0,-29.5,-3.5,0,2613,4402,0,930
94,58,31.43,0.86,0,0,0.88,-0.03,-0.46,0.35,0,0,0,-30.5,-3.5,0,2613,4403,0,940
95,62,32.19,0.85,0.01,0,0.91,-0.03,-0.47,0.36,0,0,0,-31.5,-3.5,0,2613,4404,0,950
96,62,32.91,0.96,0.01,0.01,0.94,-0.03,-0.47,0.37,0,0,0,-32,-3.5,0,2613,4406,0,960
97,62,33.65,0.96,0,0.01,0.98,-0.02,-0.47,0.39,0,0,0,-33,-4,0,2613,4407,0,970
98,64,34.41,0.97,0.01,0.01,1.01,-0.02,-0.48,0.4,0,0,0,-33.5,-4.5,0,2613,4408,0,980
99,67,35.39,0.96,0,0.01,1.04,-0.02,-0.47,0.41,0,0,0,-34.5,-4,0,2613,4410,0,990
100,69,36.16,0.95,0,0,1.06,-0.02,-0.48,0.41,0,0,0,-35.5,-4.5,0,2613,4411,0,1000
101,71,36.93,0.96,0,0.01,1.08,-0.02,-0.48,0.43,0,0,0,-36,-4.5,0,2613,4413,0,1010
102,70,37.7,0.96,0,0.01,1.11,-0.02,-0.49,0.44,0,0,0,-37,-4.5,0,2613,4414,0,1020
103,71,38.47,1.07,0,0.01,1.14,-0.02,-0.48,0.45,0,0,0,-38,-4,0,2613,4415,0,1030
104,74,39.26,1.07,-0.01,0.01,1.16,-0.01,-0.49,0.46,0,0,0,-37.5,-4,0,2613,4417,0,1040
105,76,40.03,1.06,0.01,0,1.19,-0.01,-0.49,0.48,0,0,0,-39.5,-5,0,2613,4418,0,1050
106,76,40.82,1.06,0,0,1.21,-0.01,-0.5,0.48,0,0,0,-39.5,-5.5,0,2613,4420,0,1060
107,77,41.49,1.06,0,0.01,1.23,-0.01,-0.51,0.5,0,0,0,-41,-6,0,2613,4421,0,1070
108,80,42.25,1.06,0.01,0.01,1.26,-0.01,-0.51,0.51,0,0,0,-41.5,-6,0,2613,4422,0,1080
109,80,43.05,1.08,0.02,0.01,1.29,-0.01,-0.51,0.52,0,0,0,-41.5,-6,0,2613,4424,0,1090
110,82,43.82,1.22,0.01,0,1.31,0,-0.51,0.53,0,0,0,-43,-5,0,2613,4425,0,1100
111,83,44.56,1.18,0,0.01,1.34,0.01,-0.51,0.54,0,0,0,-43.5,-5.5,0,2613,4426,0,1110
112,85,45.38,1.17,-0.02,0,1.36,0,-0.52,0.56,0,0,0,-45.5,-5.5,0,2613,4428,0,1120
113,86,46.16,1.17,-0.02,0,1.39,0,-0.52,0.57,0,0,0,-45,-6,0,2613,4429,0,1130
114,89,46.93,1.17,-0.04,0,1.42,0.01,-0.52,0.58,0,0,0,-45.5,-6,0,2613,4430,0,1140
115,89,47.71,1.17,-0.07,0,1.45,0,-0.53,0.59,0,0,0,-46.5,-6,0,2613,4432,0,1150
116,90,48.49,1.26,-0.08,0,1.47,0,-0.53,0.6,0,0,0,-48,-6,0,2613,4433,0,1160
117,90,49.27,1.28,-0.09,0,1.49,0.01,-0.53,0.62,0,0,0,-48,-6,0,2613,4434,0,1170
118,90,50.03,1.27,-0.09,0,1.53,0.02,-0.53,0.63,0,0,0,-49.5,-6,0,2613,4436,0,1180
119,94,50.82,1.27,-0.11,0,1.54,0.02,-0.54,0.64,0,0,0,-50,-6.5,0,2613,4437,0,1190
120,94,51.56,1.27,-0.1,0.01,1.58,0.02,-0.53,0.66,0,0,0,-51.5,-6,0,2613,4438,0,1200
121,95,52.39,1.27,-0.1,0.01,1.6,0.02,-0.54,0.67,0,0,0,-51.5,-5.5,0,2613,4440,0,1210
122,96,53.16,1.28,-0.11,0.01,1.63,0.01,-0.54,0.67,0,0,0,-52.5,-6.5,0,2613,4441,0,1220
123,99,53.85,1.36,-0.11,0,1.66,0.02,-0.55,0.69,0,0,0,-53.5,-6.5,0,2613,4442,0,1230
124,101,54.62,1.37,-0.1,0,1.68,0.03,-0.55,0.71,0,0,0,-53.5,-6.5,0,2613,4444,0,1240
125,101,55.41,1.38,-0.11,0,1.71,0.03,-0.56,0.72,0,0,0,-55,-6.5,0,2613,4445,0,1250
126,101,56.29,1.36,-0.11,0,1.74,0.03,-0.55,0.73,0,0,0,-55.5,-7,0,2613,4446,0,1260
127,98,56.39,1.52,-0.11,0,1.75,0.04,-0.56,0.74,0,0,0,-55.5,-6.5,0,2613,4516,0,1270
128,95,55.67,1.38,-0.11,0.01,1.72,0.04,-0.56,0.74,0,0,0,-53.5,-7,0,2613,4517,0,1280
129,92,54.92,1.37,-0.1,0.01,1.68,0.04,-0.58,0.72,0,0,0,-54,-6,0,2613,4519,0,1290
130,88,54.14,1.39,-0.1,0.01,1.65,0.04,-0.57,0.73,0,0,0,-53,-6,0,2613,4520,0,1300
131,86,53.35,1.38,-0.11,0,1.6,0.04,-0.57,0.71,0,0,0,-52,-6,0,2613,4521,0,1310
132,84,52.58,1.38,-0.1,0.01,1.59,0.04,-0.57,0.7,0,0,0,-50.5,-6,0,2613,4523,0,1320
133,83,51.81,1.38,-0.1,0.01,1.55,0.05,-0.57,0.69,0,0,0,-50.5,-6,0,2613,4524,0,1330
134,80,51.13,1.39,-0.1,0.01,1.52,0.04,-0.57,0.68,0,0,0,-49.5,-5.5,0,2613,4525,0,1340
135,80,50.34,1.38,-0.1,0.02,1.5,0.04,-0.57,0.66,0,0,0,-48.5,-5.5,0,2613,4527,0,1350
136,76,49.56,1.28,-0.11,0.01,1.46,0.05,-0.57,0.64,0,0,0,-48,-5.5,0,2613,4528,0,1360
137,74,48.79,1.28,-0.11,0,1.43,0.03,-0.57,0.63,0,0,0,-47,-5.5,0,2613,4529,0,1370
138,73,48,1.28,-0.09,0.01,1.39,0.04,-0.57,0.62,0,0,0,-46.5,-6,0,2613,4530,0,1380
139,72,47.23,1.26,-0.1,0.01,1.38,0.04,-0.57,0.61,0,0,0,-45,-6,0,2613,4532,0,1390
140,69,46.44,1.27,-0.1,0,1.35,0.04,-0.57,0.58,0,0,0,-45,-6.5,0,2613,4533,0,1400
141,66,45.67,1.27,-0.11,0,1.31,0.04,-0.57,0.57,0,0,0,-44,-6,0,2613,4534,0,1410
142,66,44.9,1.27,-0.11,-0.01,1.29,0.04,-0.56,0.56,0,0,0,-43,-6,0,2613,4536,0,1420
143,64,44.11,1.26,-0.1,0,1.27,0.04,-0.56,0.55,0,0,0,-42.5,-5.5,0,2613,4537,0,1430
144,62,43.32,1.27,-0.1,0,1.24,0.04,-0.56,0.52,0,0,0,-42,-5,0,2613,4538,0,1440
145,60,42.56,1.27,-0.1,0.01,1.21,0.04,-0.56,0.53,0,0,0,-41.5,-5,0,2613,4540,0,1450
146,57,41.78,1.21,-0.1,0,1.2,0.05,-0.55,0.5,0,0,0,-40,-5,0,2613,4541,0,1460
147,56,41.01,1.17,-0.1,0,1.16,0.04,-0.53,0.49,0,0,0,-39.5,-5.5,0,2613,4542,0,1470
148,55,40.23,1.16,-0.11,0,1.14,0.03,-0.55,0.47,0,0,0,-39.5,-4.5,0,2613,4544,0,1480
149,52,39.45,1.17,-0.1,0,1.11,0.05,-0.55,0.45,0,0,0,-38,-5.5,0,2613,4545,0,1490
150,51,38.58,1.17,-0.1,0,1.08,0.04,-0.54,0.44,0,0,0,-37.5,-4.5,0,2613,4546,0,1500
151,49,37.84,1.15,-0.1,0,1.06,0.05,-0.54,0.43,0,0,0,-36.5,-5,0,2613,4548,0,1510
152,47,37.09,1.17,-0.11,0,1.03,0.02,-0.53,0.41,0,0,0,-36,-4.5,0,2613,4549,0,1520
153,45,36.28,1.16,-0.11,0,1.01,0.04,-0.53,0.39,0,0,0,-35,-5,0,2613,4550,0,1530
154,42,35.48,1.17,-0.11,0,0.99,0.03,-0.52,0.38,0,0,0,-34.5,-5,0,2613,4552,0,1540
155,42,34.7,1.12,-0.11,0,0.95,0.03,-0.53,0.35,0,0,0,-33.5,-4.5,0,2613,4553,0,1550
156,40,33.93,1.06,-0.11,0,0.93,0.03,-0.52,0.34,0,0,0,-32.5,-4.5,0,2613,4554,0,1560
157,38,33.16,1.06,-0.11,0,0.9,0.03,-0.51,0.33,0,0,0,-32,-4,0,2613,4556,0,1570
158,36,32.38,1.06,-0.11,0,0.89,0.03,-0.51,0.32,0,0,0,-31,-4,0,2613,4557,0,1580
159,34,31.61,1.07,-0.11,0,0.86,0.04,-0.5,0.3,0,0,0,-30.5,-4,0,2613,4558,0,1590
160,32,30.84,1.05,-0.1,0,0.83,0.03,-0.5,0.28,0,0,0,-29.5,-3.5,0,2613,4600,0,1600
161,31,30.07,1.05,-0.1,0,0.81,0.02,-0.5,0.27,0,0,0,-28.5,-3.5,0,2613,4601,0,1610
162,29,29.29,1.06,-0.1,0,0.78,0.02,-0.49,0.25,0,0,0,-27.5,-2.5,0,2613,4602,0,1620
163,27,28.45,0.96,-0.12,0,0.76,0.03,-0.49,0.24,0,0,0,-27.5,-2.5,0,2613,4603,0,1630
164,26,27.75,0.95,-0.11,0,0.74,0.02,-0.48,0.23,0,0,0,-27,-3,0,2613,4605,0,1640
165,23,26.97,0.95,-0.11,0,0.72,0.02,-0.46,0.21,0,0,0,-26,-2.5,0,2613,4606,0,1650
166,21,26.29,0.96,-0.11,0,0.69,0.02,-0.46,0.2,0,0,0,-25,-3,0,2613,4607,0,1660
167,20,25.45,0.95,-0.11,0,0.67,0.02,-0.47,0.18,0,0,0,-24.5,-3,0,2613,4608,0,1670
168,18,24.65,0.96,-0.11,0,0.64,0.01,-0.45,0.17,0,0,0,-23.5,-2.5,0,2613,4610,0,1680
169,17,23.98,0.92,-0.1,0,0.62,0.01,-0.44,0.16,0,0,0,-23,-3,0,2613,4611,0,1690
170,15,23.21,0.86,-0.11,0.01,0.6,0.01,-0.44,0.15,0,0,0,-23,-2.5,0,2613,4612,0,1700
171,13,22.52,0.86,-0.1,0,0.58,0.01,-0.43,0.13,0,0,0,-21,-2,0,2613,4613,0,1710
172,12,21.75,0.86,-0.1,-0.01,0.56,0.02,-0.42,0.11,0,0,0,-21,-2,0,2613,4615,0,1720
173,12,20.98,0.85,-0.11,0,0.54,0,-0.4,0.1,0,0,0,-20.5,-2,0,2613,4616,0,1730
174,10,20.11,0.87,-0.11,0,0.51,0.01,-0.39,0.09,0,0,0,-19.5,-2,0,2613,4617,0,1740
175,8,19.35,0.75,-0.11,0,0.48,0,-0.37,0.08,0,0,0,-18.5,-2,0,2613,4619,0,1750
176,6,18.57,0.75,-0.1,0.01,0.46,0.01,-0.37,0.06,0,0,0,-17.5,-2,0,2613,4620,0,1760
177,6,17.79,0.75,-0.1,0.01,0.44,0.01,-0.36,0.04,0,0,0,-17,-1.5,0,2613,4621,0,1770
178,3,16.84,0.75,-0.11,0,0.41,0,-0.34,0.03,0,0,0,-16,-2,0,2613,4623,0,1780
179,2,16.07,0.73,-0.11,0.01,0.39,0.01,-0.32,0.01,0,0,0,-16,-1.5,0,2613,4624,0,1790
180,1,15.19,0.64,-0.12,-0.01,0.37,0.01,-0.3,-0.01,0,0,0,-15,-1,0,2613,4626,0,1800
181,-1,14.43,0.64,-0.11,0.01,0.34,0.01,-0.28,-0.02,0,0,0,-13.5,-0.5,0,2613,4627,0,1810
182,-2,13.65,0.64,-0.11,0.01,0.33,0.01,-0.26,-0.02,0,0,0,-13.5,-0.5,0,2613,4628,0,1820
183,-3,12.89,0.64,-0.1,0,0.31,0,-0.24,-0.03,0,0,0,-13,-1,0,2613,4630,0,1830
184,-2,12.79,0.64,-0.1,0.01,0.31,0.01,-0.24,-0.03,0,0,0,-13,-0.5,0,2613,4707,0,1840
185,3,13.36,0.65,-0.09,0.02,0.31,0,-0.24,-0.04,0,0,0,-14,-1,0,2613,4709,0,1850
186,6,14.23,0.65,-0.09,0.01,0.32,0,-0.24,-0.03,0,0,0,-15,-1.5,0,2613,4710,0,1860
187,7,15,0.66,-0.08,0.02,0.36,0.01,-0.25,-0.01,0,0,0,-15.5,-0.5,0,2613,4711,0,1870
188,11,15.79,0.65,-0.1,0.02,0.37,0,-0.26,-0.01,0,0,0,-16,-1,0,2613,4713,0,1880
189,13,16.64,0.65,-0.1,0.02,0.4,0,-0.29,0,0,0,0,-17,-1.5,0,2613,4714,0,1890
190,14,17.41,0.76,-0.11,0.01,0.42,0.01,-0.29,0.03,0,0,0,-17.5,-1,0,2613,4715,0,1900
191,17,18.18,0.76,-0.1,0.01,0.45,0,-0.31,0.04,0,0,0,-18.5,-1,0,2613,4717,0,1910
192,17,19.05,0.75,-0.1,0.02,0.47,0.01,-0.32,0.06,0,0,0,-19.5,-1,0,2613,4718,0,1920
193,20,19.82,0.76,-0.1,0.01,0.49,0.01,-0.34,0.06,0,0,0,-19.5,-1.5,0,2613,4719,0,1930
194,21,20.6,0.75,-0.1,0.01,0.53,0.01,-0.34,0.09,0,0,0,-20.5,-2.5,0,2613,4721,0,1940
195,24,21.46,0.87,-0.1,0.02,0.55,0.01,-0.35,0.11,0,0,0,-21,-2.5,0,2613,4722,0,1950
196,25,22.24,0.86,-0.11,0,0.57,0.01,-0.37,0.11,0,0,0,-21.5,-3,0,2613,4723,0,1960
197,27,23.1,0.85,-0.1,0.01,0.61,0.02,-0.37,0.13,0,0,0,-23,-3.5,0,2613,4725,0,1970
198,28,23.88,0.86,-0.1,0.01,0.63,0.01,-0.38,0.14,0,0,0,-23,-3,0,2613,4726,0,1980
199,30,24.65,0.86,-0.09,0.01,0.65,0.02,-0.39,0.16,0,0,0,-24,-3,0,2613,4727,0,1990
200,32,25.44,0.88,-0.1,0.01,0.68,0.01,-0.41,0.17,0,0,0,-25,-3,0,2613,4729,0,2000
201,34,26.27,0.97,-0.1,0.02,0.71,0.01,-0.41,0.19,0,0,0,-26,-2.5,0,2613,4730,0,2010
202,37,27.06,0.96,-0.1,0.01,0.73,0.01,-0.42,0.2,0,0,0,-26.5,-3,0,2613,4731,0,2020
203,39,27.84,0.97,-0.1,0.02,0.75,0.01,-0.43,0.21,0,0,0,-27,-3,0,2613,4733,0,2030
204,39,28.72,0.97,-0.1,0.01,0.79,0.01,-0.44,0.23,0,0,0,-28,-3.5,0,2613,4734,0,2040
205,43,29.48,0.97,-0.09,0.01,0.81,0.01,-0.44,0.25,0,0,0,-28,-3.5,0,2613,4735,0,2050
206,44,30.26,0.97,-0.1,0.02,0.84,0.01,-0.45,0.26,0,0,0,-29.5,-3.5,0,2613,4737,0,2060
207,45,31.12,1.02,-0.09,0.02,0.86,0.01,-0.46,0.28,0,0,0,-30.5,-4.5,0,2613,4738,0,2070
208,48,31.89,1.07,-0.09,0.01,0.89,0.01,-0.47,0.28,0,0,0,-31,-4.5,0,2613,4739,0,2080
209,51,32.67,1.07,-0.09,0.01,0.91,0.01,-0.46,0.3,0,0,0,-32,-4,0,2613,4741,0,2090
210,51,33.45,1.07,-0.09,0.01,0.93,0.01,-0.47,0.32,0,0,0,-32.5,-4,0,2613,4742,0,2100
211,54,34.22,1.08,-0.1,0.01,0.96,0.01,-0.46,0.34,0,0,0,-33,-4.5,0,2613,4743,0,2110
212,54,35,1.08,-0.1,0.01,0.99,0.01,-0.47,0.35,0,0,0,-34,-5,0,2613,4745,0,2120
213,56,35.77,1.07,-0.1,0.01,1.01,0.02,-0.47,0.36,0,0,0,-35.5,-5,0,2613,4746,0,2130
214,59,36.54,1.09,-0.1,0.01,1.04,0.01,-0.48,0.39,0,0,0,-35.5,-4.5,0,2613,4747,0,2140
215,59,37.32,1.17,-0.09,0.01,1.06,0.01,-0.49,0.39,0,0,0,-36.5,-4.5,0,2613,4749,0,2150
216,62,38.09,1.17,-0.1,0.01,1.08,0.01,-0.49,0.41,0,0,0,-37,-5,0,2613,4750,0,2160
217,64,38.86,1.19,-0.1,0.02,1.11,0.02,-0.49,0.42,0,0,0,-38,-5,0,2613,4751,0,2170
218,65,39.65,1.18,-0.09,0.02,1.14,0.01,-0.48,0.44,0,0,0,-39,-5.5,0,2613,4753,0,2180
219,68,40.42,1.18,-0.09,0.01,1.16,0.01,-0.49,0.45,0,0,0,-39,-5.5,0,2613,4754,0,2190
220,69,41.2,1.17,-0.1,0.01,1.19,0.02,-0.5,0.45,0,0,0,-40,-5,0,2613,4755,0,2200
221,71,41.97,1.17,-0.1,0.02,1.21,0.02,-0.5,0.46,0,0,0,-40.5,-5.5,0,2613,4757,0,2210
222,72,42.81,1.27,-0.1,0,1.25,0.01,-0.5,0.5,0,0,0,-42,-5,0,2613,4758,0,2220
223,73,43.53,1.27,-0.09,0.01,1.27,0.02,-0.51,0.51,0,0,0,-41.5,-5.5,0,2613,4759,0,2230
224,75,44.31,1.28,-0.09,0.01,1.3,0.02,-0.52,0.51,0,0,0,-43,-5,0,2613,4801,0,2240
225,76,45.08,1.28,-0.1,0.02,1.33,0.02,-0.52,0.53,0,0,0,-44,-5,0,2613,4802,0,2250
226,78,45.86,1.27,-0.1,0.01,1.34,0.02,-0.53,0.53,0,0,0,-45.5,-5,0,2613,4803,0,2260
227,80,46.64,1.28,-0.1,0.01,1.37,0.02,-0.54,0.55,0,0,0,-46,-4.5,0,2613,4805,0,2270
228,83,47.41,1.28,-0.1,0.02,1.4,0.02,-0.53,0.58,0,0,0,-47,-4.5,0,2613,4806,0,2280
229,84,48.13,1.29,-0.09,0.01,1.44,0.02,-0.54,0.58,0,0,0,-47.5,-5,0,2613,4807,0,2290
230,85,48.97,1.28,-0.1,0.01,1.44,0.02,-0.54,0.6,0,0,0,-48.5,-5,0,2613,4809,0,2300
231,86,49.75,1.38,-0.1,0.01,1.48,0.04,-0.54,0.62,0,0,0,-48.5,-5,0,2613,4810,0,2310
232,88,50.53,1.39,-0.11,0.01,1.51,0.03,-0.55,0.61,0,0,0,-50.5,-5.5,0,2613,4811,0,2320
233,90,51.31,1.38,-0.1,0.01,1.54,0.04,-0.56,0.64,0,0,0,-51.5,-6.5,0,2613,4813,0,2330
234,92,52.1,1.39,-0.1,0.01,1.57,0.04,-0.55,0.64,0,0,0,-51.5,-6,0,2613,4814,0,2340
235,93,52.87,1.39,-0.09,0.01,1.59,0.03,-0.55,0.66,0,0,0,-52.5,-6.5,0,2613,4815,0,2350
236,95,53.66,1.39,-0.09,0.01,1.62,0.04,-0.56,0.67,0,0,0,-52.5,-6,0,2613,4817,0,2360
237,97,54.38,1.39,-0.1,0.01,1.65,0.04,-0.57,0.68,0,0,0,-54,-7,0,2613,4818,0,2370
238,98,55.12,1.37,-0.11,0.01,1.69,0.06,-0.56,0.7,0,0,0,-54,-6.5,0,2613,4819,0,2380
239,98,55.9,1.47,-0.09,0.01,1.7,0.05,-0.57,0.71,0,0,0,-55,-7.5,0,2613,4821,0,2390
240,101,56.63,1.49,-0.1,0.01,1.72,0.05,-0.57,0.72,0,0,0,-56,-7,0,2613,4822,0,2400
241,103,57.36,1.48,-0.1,0.01,1.76,0.05,-0.57,0.74,0,0,0,-57,-7,0,2613,4823,0,2410
242,103,58.15,1.49,-0.1,0.01,1.79,0.05,-0.58,0.76,0,0,0,-57.5,-7,0,2613,4825,0,2420
243,106,58.92,1.48,-0.1,0.01,1.81,0.05,-0.58,0.76,0,0,0,-57.5,-8,0,2613,4826,0,2430
244,107,59.71,1.49,-0.1,0.01,1.85,0.06,-0.58,0.77,0,0,0,-59,-8,0,2613,4827,0,2440
245,109,60.39,1.49,-0.1,0.01,1.87,0.06,-0.59,0.8,0,0,0,-59,-7.5,0,2613,4829,0,2450
246,109,61.28,1.5,-0.1,0.01,1.9,0.06,-0.59,0.81,0,0,0,-60.5,-7.5,0,2613,4830,0,2460
247,113,62.05,1.49,-0.1,0.01,1.94,0.08,-0.58,0.82,0,0,0,-61,-8,0,2613,4831,0,2470
248,114,62.75,1.52,-0.1,0.01,1.98,0.06,-0.6,0.83,0,0,0,-62,-8,0,2613,4833,0,2480
249,115,63.52,1.59,-0.11,0.01,2.01,0.1,-0.61,0.84,0,0,0,-62.5,-7.5,0,2613,4834,0,2490
250,116,64.31,1.59,-0.1,0.01,2.04,0.1,-0.59,0.85,0,0,0,-64,-7.5,0,2613,4835,0,2500
251,117,65.09,1.59,-0.11,0.01,2.08,0.1,-0.59,0.87,0,0,0,-64,-7.5,0,2613,4837,0,2510
252,119,65.78,1.6,-0.1,0.01,2.11,0.1,-0.6,0.89,0,0,0,-64.5,-7.5,0,2613,4838,0,2520
253,120,66.57,1.59,-0.1,0.01,2.15,0.1,-0.6,0.9,0,0,0,-65.5,-8.5,0,2613,4839,0,2530
254,121,67.34,1.59,-0.11,0.01,2.19,0.11,-0.6,0.91,0,0,0,-66.5,-8,0,2613,4841,0,2540
255,123,68.04,1.59,-0.11,0.01,2.23,0.11,-0.6,0.92,0,0,0,-68,-8.5,0,2613,4842,0,2550
256,124,68.83,1.59,-0.11,0.01,2.26,0.1,-0.6,0.94,0,0,0,-68,-9,0,2613,4843,0,2560
257,125,69.61,1.61,-0.11,0,2.31,0.11,-0.61,0.94,0,0,0,-68.5,-9,0,2613,4845,0,2570
258,126,70.3,1.69,-0.11,0.01,2.35,0.11,-0.6,0.96,0,0,0,-69,-9.5,0,2613,4846,0,2580
259,128,71.08,1.7,-0.1,0.02,2.39,0.11,-0.61,0.97,0,0,0,-70,-9.5,0,2613,4847,0,2590
260,130,71.85,1.69,-0.1,0.01,2.41,0.11,-0.61,0.98,0,0,0,-71,-10,0,2613,4849,0,2600
261,131,72.57,1.68,-0.1,0,2.46,0.13,-0.6,1.01,0,0,0,-71.5,-10,0,2613,4850,0,2610
262,131,73.26,1.7,-0.09,0.01,2.5,0.13,-0.6,1.02,0,0,0,-72.5,-9.5,0,2613,4851,0,2620
263,132,74.04,1.7,-0.1,0.01,2.53,0.13,-0.61,1.04,0,0,0,-73,-10,0,2613,4852,0,2630
264,134,74.73,1.69,-0.1,0.01,2.56,0.13,-0.61,1.03,0,0,0,-73.5,-10,0,2613,4854,0,2640
265,135,75.43,1.7,-0.09,0.01,2.61,0.14,-0.6,1.05,0,0,0,-74.5,-10,0,2613,4855,0,2650
266,135,76.2,1.71,-0.09,0,2.63,0.14,-0.61,1.06,0,0,0,-75.5,-9.5,0,2613,4856,0,2660
267,138,77,1.8,-0.1,0.01,2.68,0.14,-0.61,1.07,0,0,0,-76.5,-10,0,2613,4858,0,2670
268,139,77.69,1.79,-0.11,0.01,2.71,0.14,-0.61,1.09,0,0,0,-76.5,-9.5,0,2613,4859,0,2680
269,139,78.47,1.8,-0.11,0.01,2.75,0.15,-0.62,1.1,0,0,0,-77.5,-10.5,0,2613,4900,0,2690
270,141,79.27,1.81,-0.11,0.01,2.8,0.15,-0.62,1.12,0,0,0,-78,-10,0,2613,4902,0,2700
271,143,79.96,1.81,-0.09,0,2.83,0.16,-0.62,1.13,0,0,0,-79.5,-10.5,0,2613,4903,0,2710
272,143,80.65,1.81,-0.1,0.02,2.88,0.16,-0.62,1.14,0,0,0,-79.5,-10,0,2613,4904,0,2720
273,145,81.44,1.8,-0.09,0.01,2.89,0.16,-0.62,1.15,0,0,0,-80,-10,0,2613,4905,0,2730
274,146,82.14,1.81,-0.09,0.01,2.94,0.16,-0.63,1.16,0,0,0,-82,-10,0,2613,4907,0,2740
275,145,82.92,1.88,-0.09,0.01,2.99,0.17,-0.63,1.18,0,0,0,-82.5,-10,0,2613,4908,0,2750
276,148,83.59,1.9,-0.1,0.01,3.01,0.17,-0.63,1.19,0,0,0,-83.5,-10,0,2613,4909,0,2760
277,149,84.45,1.9,-0.1,0,3.05,0.18,-0.63,1.21,0,0,0,-84,-10.5,0,2613,4911,0,2770
278,149,85.2,1.9,-0.1,0,3.09,0.2,-0.64,1.22,0,0,0,-84,-10,0,2613,4912,0,2780
279,151,86,1.9,-0.1,0,3.12,0.2,-0.63,1.23,0,0,0,-85.5,-10,0,2613,4913,0,2790
280,148,86.39,1.88,-0.09,0.01,3.13,0.21,-0.65,1.24,0,0,0,-85.5,-11,0,2613,4951,0,2800
281,143,85.72,1.92,-0.09,0.01,3.11,0.22,-0.65,1.24,0,0,0,-84,-11.5,0,2613,4952,0,2810
282,140,85.01,1.9,-0.09,0.01,3.07,0.22,-0.65,1.23,0,0,0,-83.5,-10.5,0,2613,4954,0,2820
283,137,84.21,1.91,-0.09,0.01,3.02,0.22,-0.64,1.22,0,0,0,-82.5,-10.5,0,2613,4955,0,2830
284,134,83.42,1.91,-0.1,0.01,2.99,0.22,-0.65,1.21,0,0,0,-82,-10.5,0,2613,4956,0,2840
285,132,82.73,1.91,-0.08,0.02,2.95,0.22,-0.65,1.2,0,0,0,-81,-10.5,0,2613,4958,0,2850
286,128,81.94,1.9,-0.09,0.01,2.91,0.22,-0.66,1.17,0,0,0,-80,-10.5,0,2613,4959,0,2860
287,128,81.14,1.9,-0.09,0.03,2.87,0.22,-0.65,1.17,0,0,0,-79.5,-10.5,0,2613,5000,0,2870
288,126,80.36,1.91,-0.09,0.01,2.83,0.22,-0.66,1.16,0,0,0,-79,-10.5,0,2613,5002,0,2880
289,123,79.66,1.9,-0.09,0.01,2.79,0.23,-0.65,1.13,0,0,0,-78,-11,0,2613,5003,0,2890
290,121,78.86,1.81,-0.09,0.01,2.75,0.22,-0.66,1.12,0,0,0,-78,-10.5,0,2613,5004,0,2900
291,121,78.08,1.81,-0.09,0.01,2.7,0.21,-0.66,1.09,0,0,0,-76.5,-9.5,0,2613,5005,0,2910
292,117,77.29,1.81,-0.1,0.01,2.65,0.22,-0.65,1.09,0,0,0,-76.5,-9.5,0,2613,5007,0,2920
293,115,76.61,1.8,-0.09,0.02,2.62,0.22,-0.65,1.08,0,0,0,-75.5,-9,0,2613,5008,0,2930
294,114,75.76,1.81,-0.09,0.01,2.57,0.22,-0.65,1.06,0,0,0,-74.5,-9.5,0,2613,5010,0,2940
295,111,75,1.8,-0.09,0.01,2.52,0.21,-0.65,1.05,0,0,0,-73.5,-9,0,2613,5011,0,2950
296,111,74.24,1.8,-0.09,0.01,2.47,0.21,-0.64,1.03,0,0,0,-73,-9.5,0,2613,5012,0,2960
297,109,73.55,1.8,-0.09,0.02,2.43,0.21,-0.65,1.02,0,0,0,-72.5,-9.5,0,2613,5013,0,2970
298,108,72.86,1.8,-0.09,0,2.36,0.21,-0.64,1.01,0,0,0,-71.5,-9.5,0,2613,5015,0,2980
299,106,72.06,1.8,-0.1,0.01,2.33,0.21,-0.64,0.99,0,0,0,-71,-9,0,2613,5016,0,2990
300,105,71.38,1.8,-0.1,0,2.28,0.22,-0.64,0.97,0,0,0,-70,-9,0,2613,5017,0,3000
301,103,70.59,1.78,-0.1,0,2.24,0.22,-0.64,0.96,0,0,0,-69,-9,0,2613,5018,0,3010
302,101,69.86,1.73,-0.1,0.02,2.19,0.2,-0.64,0.94,0,0,0,-68.5,-9,0,2613,5020,0,3020
303,101,69.12,1.69,-0.09,0.01,2.12,0.2,-0.63,0.93,0,0,0,-67.5,-9,0,2613,5021,0,3030
304,99,68.34,1.7,-0.09,0.02,2.1,0.21,-0.63,0.92,0,0,0,-67,-9,0,2613,5022,0,3040
305,96,67.64,1.69,-0.1,0.01,2.04,0.21,-0.62,0.9,0,0,0,-66,-8.5,0,2613,5024,0,3050
306,95,66.86,1.7,-0.08,0.02,2,0.2,-0.63,0.88,0,0,0,-66,-7.5,0,2613,5025,0,3060
307,93,66.17,1.69,-0.09,0.02,1.98,0.21,-0.63,0.87,0,0,0,-65,-7.5,0,2613,5026,0,3070
308,92,65.39,1.7,-0.09,0.01,1.92,0.2,-0.62,0.86,0,0,0,-64.5,-7.5,0,2613,5028,0,3080
309,89,64.6,1.7,-0.09,0.02,1.87,0.2,-0.62,0.85,0,0,0,-64,-7.5,0,2613,5029,0,3090
310,88,63.92,1.7,-0.09,0.02,1.85,0.21,-0.61,0.84,0,0,0,-62.5,-8.5,0,2613,5030,0,3100
311,87,63.14,1.7,-0.08,0.01,1.82,0.2,-0.61,0.82,0,0,0,-61.5,-7.5,0,2613,5031,0,3110
312,86,62.34,1.69,-0.1,0.01,1.79,0.2,-0.6,0.8,0,0,0,-60.5,-8,0,2613,5033,0,3120
313,83,61.57,1.7,-0.08,0.01,1.76,0.2,-0.6,0.79,0,0,0,-60.5,-8,0,2613,5034,0,3130
314,81,60.77,1.69,-0.1,0.01,1.73,0.2,-0.59,0.78,0,0,0,-59.5,-7.5,0,2613,5035,0,3140
315,81,60.01,1.6,-0.1,0.01,1.71,0.19,-0.6,0.77,0,0,0,-58.5,-7,0,2613,5037,0,3150
316,78,59.27,1.59,-0.1,0.01,1.68,0.2,-0.58,0.75,0,0,0,-58,-6.5,0,2613,5038,0,3160
317,77,58.53,1.59,-0.1,-0.01,1.64,0.19,-0.59,0.74,0,0,0,-57,-7.5,0,2613,5039,0,3170
318,74,57.66,1.57,-0.11,0,1.63,0.19,-0.58,0.72,0,0,0,-57,-7,0,2613,5041,0,3180
319,74,56.88,1.59,-0.09,0.02,1.61,0.19,-0.58,0.7,0,0,0,-56,-6.5,0,2613,5042,0,3190
320,72,56.19,1.59,-0.1,0.01,1.57,0.18,-0.57,0.7,0,0,0,-55,-6.5,0,2613,5043,0,3200
321,70,55.41,1.6,-0.09,0.01,1.55,0.18,-0.57,0.68,0,0,0,-53.5,-6.5,0,2613,5045,0,3210
322,69,54.64,1.59,-0.09,0.01,1.52,0.18,-0.57,0.67,0,0,0,-54,-6,0,2613,5046,0,3220
323,65,53.95,1.59,-0.1,0.01,1.5,0.18,-0.56,0.65,0,0,0,-52.5,-6,0,2613,5047,0,3230
324,64,53.17,1.58,-0.09,0,1.48,0.18,-0.56,0.64,0,0,0,-52,-5.5,0,2613,5049,0,3240
325,63,52.38,1.56,-0.1,0.01,1.46,0.18,-0.55,0.63,0,0,0,-51,-5.5,0,2613,5050,0,3250
326,62,51.7,1.49,-0.09,0.02,1.43,0.17,-0.55,0.62,0,0,0,-50.5,-5.5,0,2613,5051,0,3260
327,61,50.92,1.49,-0.1,0,1.41,0.17,-0.55,0.6,0,0,0,-49,-4.5,0,2613,5052,0,3270
328,59,50.15,1.48,-0.1,0,1.38,0.17,-0.54,0.58,0,0,0,-48.5,-5,0,2613,5054,0,3280
329,57,49.46,1.48,-0.11,0.01,1.36,0.18,-0.54,0.58,0,0,0,-48.5,-4,0,2613,5055,0,3290
330,56,48.67,1.47,-0.11,0.01,1.33,0.17,-0.55,0.56,0,0,0,-47.5,-4.5,0,2613,5056,0,3300
331,54,47.98,1.48,-0.11,0,1.32,0.17,-0.54,0.55,0,0,0,-46.5,-4.5,0,2613,5058,0,3310
332,52,47.22,1.49,-0.1,0,1.29,0.17,-0.53,0.53,0,0,0,-45.5,-4.5,0,2613,5059,0,3320
333,51,46.45,1.48,-0.1,0.01,1.27,0.17,-0.53,0.52,0,0,0,-45,-5.5,0,2613,5100,0,3330
334,48,45.66,1.48,-0.1,0.01,1.24,0.16,-0.53,0.5,0,0,0,-44,-5,0,2613,5101,0,3340
335,46,44.88,1.48,-0.09,0,1.22,0.17,-0.51,0.5,0,0,0,-43.5,-5,0,2613,5103,0,3350
336,46,44.11,1.38,-0.1,0.01,1.19,0.16,-0.51,0.48,0,0,0,-43,-4.5,0,2613,5104,0,3360
337,44,43.43,1.39,-0.09,0.01,1.17,0.17,-0.51,0.46,0,0,0,-41.5,-4.5,0,2613,5105,0,3370
338,42,42.65,1.39,-0.1,0,1.14,0.16,-0.52,0.45,0,0,0,-41,-5,0,2613,5107,0,3380
339,41,41.98,1.38,-0.1,0.01,1.12,0.16,-0.52,0.44,0,0,0,-40,-3.5,0,2613,5108,0,3390
340,39,41.19,1.38,-0.1,0.01,1.1,0.16,-0.51,0.43,0,0,0,-39.5,-3.5,0,2613,5109,0,3400
341,38,40.52,1.37,-0.1,0,1.07,0.16,-0.5,0.41,0,0,0,-39.5,-3.5,0,2613,5110,0,3410
342,35,39.64,1.38,-0.11,0.01,1.05,0.16,-0.5,0.39,0,0,0,-38,-4,0,2613,5112,0,3420
343,34,38.86,1.37,-0.1,0.01,1.02,0.14,-0.49,0.38,0,0,0,-37.5,-3.5,0,2613,5113,0,3430
344,32,38.12,1.28,-0.11,0.01,0.99,0.15,-0.5,0.36,0,0,0,-36.5,-3.5,0,2613,5114,0,3440
345,30,37.4,1.27,-0.1,0.01,0.98,0.15,-0.48,0.35,0,0,0,-36,-3.5,0,2613,5116,0,3450
346,28,36.64,1.27,-0.1,0.01,0.94,0.14,-0.49,0.33,0,0,0,-35.5,-3.5,0,2613,5117,0,3460
347,27,35.87,1.28,-0.1,0.01,0.92,0.14,-0.48,0.32,0,0,0,-34.5,-4.5,0,2613,5118,0,3470
348,25,35.09,1.27,-0.09,0,0.9,0.14,-0.48,0.31,0,0,0,-33.5,-4.5,0,2613,5119,0,3480
349,23,34.32,1.28,-0.11,0,0.87,0.14,-0.47,0.29,0,0,0,-32.5,-4.5,0,2613,5121,0,3490
350,22,33.54,1.18,-0.09,0.01,0.84,0.13,-0.47,0.28,0,0,0,-32,-4,0,2613,5122,0,3500
351,21,32.77,1.16,-0.11,0.01,0.83,0.13,-0.47,0.27,0,0,0,-31.5,-3.5,0,2613,5123,0,3510
352,20,31.99,1.17,-0.11,0,0.8,0.14,-0.45,0.25,0,0,0,-30.5,-3.5,0,2613,5125,0,3520
353,18,31.23,1.17,-0.1,0.01,0.78,0.13,-0.45,0.24,0,0,0,-30,-3.5,0,2613,5126,0,3530
354,15,30.46,1.16,-0.11,0.01,0.75,0.12,-0.45,0.23,0,0,0,-29.5,-3.5,0,2613,5127,0,3540
355,13,29.67,1.17,-0.1,-0.01,0.73,0.12,-0.44,0.21,0,0,0,-28.5,-3.5,0,2613,5129,0,3550
356,13,28.9,1.11,-0.11,0.01,0.71,0.12,-0.43,0.2,0,0,0,-27.5,-2.5,0,2613,5130,0,3560
357,11,28.13,1.07,-0.1,0,0.68,0.12,-0.43,0.19,0,0,0,-27,-2.5,0,2613,5131,0,3570
358,10,27.28,1.06,-0.1,0.01,0.66,0.1,-0.42,0.17,0,0,0,-26,-2,0,2613,5133,0,3580
359,7,26.48,1.07,-0.1,0.01,0.64,0.11,-0.4,0.16,0,0,0,-25.5,-2,0,2613,5134,0,3590
360,6,25.71,1.07,-0.1,0.01,0.62,0.11,-0.39,0.14,0,0,0,-25,-1.5,0,2613,5135,0,3600
361,6,24.94,1.02,-0.11,0.01,0.59,0.1,-0.37,0.13,0,0,0,-24,-1,0,2613,5137,0,3610
362,2,24.17,0.96,-0.11,0,0.57,0.11,-0.37,0.12,0,0,0,-23,-1,0,2613,5138,0,3620
363,3,23.4,0.96,-0.1,0.01,0.55,0.1,-0.33,0.11,0,0,0,-22.5,-1,0,2613,5139,0,3630
364,1,22.62,0.97,-0.11,0,0.53,0.09,-0.32,0.08,0,0,0,-21.5,-1.5,0,2613,5140,0,3640
365,-1,21.84,0.96,-0.11,0.01,0.51,0.1,-0.3,0.07,0,0,0,-21,-1,0,2613,5142,0,3650
366,-2,20.97,1.13,-0.1,0.01,0.48,0.09,-0.28,0.06,0,0,0,-21,-1.5,0,2613,5143,0,3660
367,-3,20.3,0.84,-0.1,-0.02,0.48,0.09,-0.26,0.04,0,0,0,-20,-0.5,0,2613,5145,0,3670
368,2,20.49,0.86,-0.1,0.01,0.46,0.09,-0.25,0.05,0,0,0,-21,-2,0,2613,5327,0,3680
369,6,21.36,0.86,-0.09,0.01,0.47,0.09,-0.26,0.04,0,0,0,-21.5,-2,0,2613,5329,0,3690
370,8,22.14,0.87,-0.11,0.02,0.49,0.09,-0.28,0.04,0,0,0,-22.5,-2.5,0,2613,5330,0,3700
371,10,22.91,0.97,-0.1,0,0.51,0.08,-0.28,0.05,0,0,0,-23,-2.5,0,2613,5331,0,3710
372,13,23.69,0.96,-0.1,0.01,0.54,0.08,-0.3,0.06,0,0,0,-24,-2.5,0,2613,5332,0,3720
373,14,24.47,0.96,-0.1,0,0.56,0.09,-0.31,0.08,0,0,0,-24,-3.5,0,2613,5334,0,3730
374,16,25.24,0.97,-0.09,0.01,0.59,0.09,-0.32,0.1,0,0,0,-25,-3,0,2613,5335,0,3740
375,19,26.01,0.97,-0.09,0.02,0.62,0.1,-0.32,0.12,0,0,0,-26,-3.5,0,2613,5336,0,3750
376,19,26.87,0.97,-0.1,0,0.64,0.09,-0.34,0.13,0,0,0,-26.5,-3.5,0,2613,5338,0,3760
377,23,27.64,1.07,-0.1,0.01,0.67,0.09,-0.35,0.14,0,0,0,-27.5,-3,0,2613,5339,0,3770
378,23,28.44,1.06,-0.1,0,0.69,0.09,-0.36,0.16,0,0,0,-27.5,-3.5,0,2613,5340,0,3780
379,26,29.29,1.07,-0.1,0,0.72,0.09,-0.37,0.17,0,0,0,-28.5,-3.5,0,2613,5342,0,3790
380,28,30.06,1.07,-0.09,0.01,0.74,0.09,-0.38,0.2,0,0,0,-29.5,-3.5,0,2613,5343,0,3800
381,30,30.84,1.08,-0.09,0,0.78,0.09,-0.4,0.21,0,0,0,-30.5,-3.5,0,2613,5344,0,3810
382,32,31.61,1.07,-0.1,0.01,0.8,0.08,-0.4,0.23,0,0,0,-31.5,-3,0,2613,5346,0,3820
383,35,32.39,1.17,-0.11,0.01,0.82,0.08,-0.4,0.24,0,0,0,-32,-4,0,2613,5347,0,3830
384,35,33.26,1.18,-0.1,0.01,0.86,0.09,-0.4,0.26,0,0,0,-32.5,-3.5,0,2613,5348,0,3840
385,38,34.03,1.29,-0.1,0,0.88,0.09,-0.42,0.28,0,0,0,-33,-4,0,2613,5350,0,3850
386,39,34.8,1.29,-0.1,0.01,0.91,0.09,-0.42,0.29,0,0,0,-34,-4,0,2613,5351,0,3860
387,43,35.48,1.19,-0.1,0.01,0.94,0.09,-0.42,0.31,0,0,0,-34.5,-4,0,2613,5352,0,3870
388,43,36.25,1.17,-0.1,0,0.97,0.09,-0.43,0.32,0,0,0,-35.5,-4,0,2613,5354,0,3880
389,44,37.03,1.25,-0.1,0.01,0.99,0.09,-0.43,0.35,0,0,0,-36,-3.5,0,2613,5355,0,3890
390,47,37.9,1.28,-0.11,0.01,1.03,0.1,-0.43,0.36,0,0,0,-36.5,-3,0,2613,5356,0,3900
391,49,38.68,1.27,-0.11,0.01,1.04,0.08,-0.44,0.37,0,0,0,-38.5,-3,0,2613,5358,0,3910
392,50,39.45,1.27,-0.11,0.01,1.07,0.08,-0.45,0.39,0,0,0,-38.5,-3.5,0,2613,5359,0,3920
393,53,40.21,1.28,-0.11,0.01,1.1,0.08,-0.45,0.4,0,0,0,-39.5,-4,0,2613,5400,0,3930
394,54,40.9,1.28,-0.1,0,1.12,0.09,-0.46,0.41,0,0,0,-40,-4.5,0,2613,5401,0,3940
395,55,41.68,1.28,-0.1,0.01,1.15,0.09,-0.46,0.44,0,0,0,-40.5,-4.5,0,2613,5403,0,3950
396,57,42.46,1.29,-0.11,0.01,1.17,0.09,-0.47,0.44,0,0,0,-41.5,-4.5,0,2613,5404,0,3960
397,58,43.24,1.38,-0.1,0.01,1.21,0.09,-0.48,0.45,0,0,0,-42,-5,0,2613,5405,0,3970
398,60,44,1.38,-0.1,0.01,1.23,0.1,-0.47,0.46,0,0,0,-42.5,-5.5,0,2613,5407,0,3980
399,62,44.79,1.38,-0.1,0.02,1.26,0.1,-0.47,0.47,0,0,0,-43.5,-5,0,2613,5408,0,3990
400,63,45.57,1.39,-0.09,0,1.27,0.1,-0.47,0.49,0,0,0,-45,-6.5,0,2613,5409,0,4000
401,65,46.35,1.38,-0.1,0.01,1.29,0.11,-0.48,0.5,0,0,0,-44.5,-6,0,2613,5411,0,4010
402,67,47.13,1.38,-0.1,0.02,1.32,0.11,-0.49,0.51,0,0,0,-46.5,-5.5,0,2613,5412,0,4020
403,68,47.89,1.38,-0.1,0,1.34,0.11,-0.48,0.54,0,0,0,-46.5,-6,0,2613,5413,0,4030
404,69,48.65,1.39,-0.1,0,1.36,0.11,-0.5,0.53,0,0,0,-48,-5.5,0,2613,5415,0,4040
405,71,49.36,1.47,-0.1,0.01,1.38,0.11,-0.49,0.55,0,0,0,-48,-6.5,0,2613,5416,0,4050
406,72,50.14,1.49,-0.1,0.01,1.41,0.13,-0.5,0.56,0,0,0,-49.5,-6,0,2613,5417,0,4060
407,74,50.92,1.49,-0.1,0.01,1.43,0.12,-0.5,0.57,0,0,0,-50,-6.5,0,2613,5419,0,4070
408,76,51.71,1.49,-0.09,0.02,1.46,0.13,-0.5,0.59,0,0,0,-50,-5.5,0,2613,5420,0,4080
409,77,52.47,1.49,-0.09,0.01,1.49,0.13,-0.51,0.6,0,0,0,-52,-6.5,0,2613,5421,0,4090
410,79,53.17,1.48,-0.1,-0.01,1.52,0.13,-0.51,0.6,0,0,0,-52.5,-7,0,2613,5422,0,4100
411,81,53.84,1.49,-0.09,0.01,1.55,0.13,-0.52,0.62,0,0,0,-53.5,-6.5,0,2613,5424,0,4110
412,83,54.63,1.48,-0.1,0,1.56,0.14,-0.52,0.64,0,0,0,-53.5,-6.5,0,2613,5425,0,4120
413,84,55.31,1.49,-0.1,0.01,1.59,0.14,-0.52,0.64,0,0,0,-54,-7.5,0,2613,5426,0,4130
414,85,56.19,1.55,-0.1,0.01,1.62,0.15,-0.52,0.66,0,0,0,-55.5,-7.5,0,2613,5428,0,4140
415,87,56.86,1.59,-0.1,0.01,1.65,0.15,-0.53,0.68,0,0,0,-56,-7.5,0,2613,5429,0,4150
416,88,57.66,1.6,-0.1,0.01,1.68,0.14,-0.53,0.69,0,0,0,-57,-8,0,2613,5430,0,4160
417,90,58.45,1.59,-0.1,0.01,1.71,0.15,-0.53,0.7,0,0,0,-57.5,-6.5,0,2613,5432,0,4170
418,91,59.12,1.6,-0.1,0,1.72,0.15,-0.53,0.72,0,0,0,-58.5,-6.5,0,2613,5433,0,4180
419,92,59.91,1.59,-0.09,0.01,1.75,0.16,-0.54,0.73,0,0,0,-58.5,-7.5,0,2613,5434,0,4190
420,96,60.68,1.59,-0.1,0.01,1.78,0.16,-0.54,0.74,0,0,0,-60,-7,0,2613,5435,0,4200
421,97,61.37,1.59,-0.1,0.01,1.81,0.16,-0.55,0.76,0,0,0,-60.5,-7,0,2613,5437,0,4210
422,98,62.16,1.59,-0.1,0.01,1.85,0.16,-0.55,0.78,0,0,0,-61,-7,0,2613,5438,0,4220
423,100,62.85,1.66,-0.1,0,1.86,0.16,-0.55,0.79,0,0,0,-62,-7,0,2613,5439,0,4230
424,102,63.62,1.69,-0.11,0.01,1.9,0.16,-0.56,0.8,0,0,0,-62.5,-7.5,0,2613,5441,0,4240
425,104,64.41,1.7,-0.1,0.02,1.94,0.16,-0.56,0.8,0,0,0,-63,-7,0,2613,5442,0,4250
426,105,65.18,1.7,-0.11,0.01,1.96,0.17,-0.56,0.83,0,0,0,-64.5,-7,0,2613,5443,0,4260
427,106,65.97,1.69,-0.1,0.01,1.99,0.17,-0.56,0.84,0,0,0,-65.5,-6.5,0,2613,5445,0,4270
428,107,66.67,1.7,-0.11,0.01,2.02,0.18,-0.56,0.86,0,0,0,-66.5,-7.5,0,2613,5446,0,4280
429,109,67.35,1.69,-0.1,0.01,2.06,0.17,-0.56,0.87,0,0,0,-66,-7.5,0,2613,5447,0,4290
430,110,68.13,1.69,-0.1,0,2.09,0.18,-0.57,0.89,0,0,0,-67,-7.5,0,2613,5448,0,4300
431,112,68.92,1.7,-0.1,0.01,2.13,0.18,-0.57,0.9,0,0,0,-68,-7.5,0,2613,5450,0,4310
432,114,69.7,1.69,-0.1,0.01,2.17,0.18,-0.57,0.91,0,0,0,-68,-7.5,0,2613,5451,0,4320
433,116,70.49,1.75,-0.09,0,2.21,0.19,-0.58,0.93,0,0,0,-69,-9,0,2613,5452,0,4330
434,117,71.18,1.81,-0.1,0.01,2.25,0.19,-0.58,0.94,0,0,0,-70,-9.5,0,2613,5454,0,4340
435,119,71.96,1.79,-0.1,0.01,2.31,0.18,-0.58,0.95,0,0,0,-71,-9.5,0,2613,5455,0,4350
436,120,72.76,1.8,-0.1,0.01,2.34,0.19,-0.56,0.97,0,0,0,-71.5,-10,0,2613,5456,0,4360
437,121,73.45,1.81,-0.1,0.02,2.39,0.19,-0.58,0.98,0,0,0,-72.5,-9.5,0,2613,5458,0,4370
438,123,74.34,1.81,-0.1,0,2.44,0.19,-0.58,1,0,0,0,-73.5,-10.5,0,2613,5459,0,4380
439,125,75.02,1.8,-0.1,0.01,2.48,0.19,-0.58,1.01,0,0,0,-74,-10,0,2613,5501,0,4390
440,126,75.81,1.81,-0.1,0.01,2.53,0.19,-0.59,1.04,0,0,0,-75,-10,0,2613,5502,0,4400
441,128,76.6,1.8,-0.1,0.01,2.57,0.2,-0.59,1.04,0,0,0,-75.5,-9.5,0,2613,5503,0,4410
442,130,77.29,1.84,-0.1,0.01,2.61,0.2,-0.59,1.06,0,0,0,-76.5,-10.5,0,2613,5504,0,4420
443,132,78.08,1.91,-0.1,0.01,2.67,0.21,-0.59,1.07,0,0,0,-77,-10,0,2613,5506,0,4430
444,132,78.87,1.9,-0.11,0,2.7,0.2,-0.6,1.07,0,0,0,-78,-10.5,0,2613,5507,0,4440
445,134,79.55,1.9,-0.11,0.01,2.74,0.21,-0.6,1.09,0,0,0,-78.5,-10,0,2613,5508,0,4450
446,136,80.36,1.9,-0.1,0.01,2.78,0.2,-0.6,1.11,0,0,0,-79.5,-10,0,2613,5510,0,4460
447,137,81.04,1.9,-0.1,0.02,2.82,0.2,-0.61,1.12,0,0,0,-80.5,-9.5,0,2613,5511,0,4470
448,139,81.75,1.9,-0.1,0.01,2.86,0.21,-0.6,1.13,0,0,0,-80.5,-9.5,0,2613,5512,0,4480
449,141,82.82,1.9,-0.1,0,2.93,0.21,-0.6,1.15,0,0,0,-82,-9.5,0,2613,5514,0,4490
450,142,83.61,1.9,-0.1,0.01,2.95,0.21,-0.62,1.16,0,0,0,-82.5,-9.5,0,2613,5515,0,4500
451,144,84.3,1.96,-0.1,0.01,2.99,0.21,-0.62,1.18,0,0,0,-84,-10,0,2613,5517,0,4510
452,145,85.11,2.01,-0.1,0,3.04,0.21,-0.61,1.19,0,0,0,-84,-10.5,0,2613,5518,0,4520
453,147,85.79,2,-0.1,0,3.08,0.21,-0.62,1.2,0,0,0,-84.5,-10.5,0,2613,5519,0,4530
454,149,86.59,2,-0.1,0,3.11,0.22,-0.63,1.22,0,0,0,-85.5,-10,0,2613,5521,0,4540,,
455,150,87.38,2.01,-0.09,0.01,3.15,0.22,-0.62,1.22,0,0,0,-86.5,-10,0,2613,5522,0,4550,,
456,152,88.08,2.01,-0.11,0.01,3.18,0.22,-0.63,1.26,0,0,0,-87.5,-11,0,2613,5523,0,4560,,
457,154,88.88,2.01,-0.1,0.01,3.23,0.23,-0.64,1.26,0,0,0,-87.5,-11,0,2613,5525,0,4570,,
458,154,89.56,2.01,-0.09,0,3.26,0.22,-0.63,1.28,0,0,0,-89,-11.5,0,2613,5526,0,4580,,
459,156,90.35,2.01,-0.1,0,3.3,0.23,-0.64,1.29,0,0,0,-89.5,-11.5,0,2613,5527,0,4590,,
460,157,91.15,2.01,-0.1,0.01,3.33,0.24,-0.64,1.3,0,0,0,-90.5,-12,0,2613,5529,0,4600,,1.07
461,159,91.85,2,-0.09,0.01,3.37,0.24,-0.65,1.32,0,0,0,-91,-12.5,0,2613,5530,0,4610,,.
462,159,92.65,2,-0.19,0.01,3.41,0.26,-0.66,1.33,0,0,0,-91.5,-12,0,2613,5531,0,4620,,
463,160,93.44,2,-0.18,-0.01,3.43,0.25,-0.66,1.34,0,0,0,-92.5,-12.5,0,2613,5533,0,4630,,
464,155,93.44,2.1,-0.19,-0.01,3.43,0.26,-0.66,1.34,0,0,0,-92.5,-11.5,0,2613,5639,0,4640,,-1.07
465,155,93.44,2.12,-0.19,0.01,3.43,0.27,-0.66,1.35,0,0,0,-93,-11,0,2613,5721,0,4650,,-1.07
466,157,94.22,2.11,-0.2,0,3.43,0.26,-0.67,1.35,0,0,0,-93.5,-11,0,2613,5722,0,4660,,-0.29
467,159,94.98,2.12,-0.19,0.01,3.47,0.26,-0.67,1.35,0,0,0,-95,-11.5,0,2613,5724,0,4670,,0.47
468,161,95.74,2.12,-0.2,0.01,3.49,0.26,-0.67,1.38,0,0,0,-95,-11,0,2613,5725,0,4680,,1.23
469,162,96.51,2.12,-0.2,0.01,3.53,0.27,-0.68,1.39,0,0,0,-96,-12,0,2613,5726,0,4690,,2
470,165,97.29,2.11,-0.2,0.01,3.57,0.28,-0.68,1.41,0,0,0,-97,-12,0,2613,5728,0,4700,,2.78
471,165,97.96,2.12,-0.2,0.01,3.61,0.27,-0.68,1.42,0,0,0,-97,-12,0,2613,5729,0,4710,,3.45
472,168,98.73,2.12,-0.19,0,3.63,0.27,-0.69,1.43,0,0,0,-98.5,-12,0,2613,5730,0,4720,,4.22
473,169,99.49,2.11,-0.2,0.01,3.67,0.28,-0.69,1.44,0,0,0,-98.5,-13,0,2613,5732,0,4730,,4.98
474,168,100.28,2.12,-0.19,0,3.71,0.27,-0.7,1.46,0,0,0,-99.5,-13,0,2613,5733,0,4740,,5.77
475,171,101.04,2.12,-0.2,0.01,3.75,0.29,-0.7,1.48,0,0,0,-101,-13,0,2613,5734,0,4750,,6.53
476,172,101.71,2.23,-0.2,0.01,3.79,0.29,-0.7,1.48,0,0,0,-101,-13,0,2613,5735,0,4760,,7.2
477,172,102.48,2.23,-0.2,0.01,3.83,0.29,-0.71,1.49,0,0,0,-102,-12.5,0,2613,5737,0,4770,,7.97
478,175,103.25,2.23,-0.21,0.01,3.87,0.3,-0.71,1.51,0,0,0,-102.5,-12,0,2613,5738,0,4780,,8.74
479,176,104.01,2.22,-0.21,0.01,3.91,0.3,-0.71,1.53,0,0,0,-103,-12.5,0,2613,5740,0,4790,,9.5
480,176,104.69,2.23,-0.21,0.01,3.94,0.3,-0.71,1.53,0,0,0,-104.5,-13,0,2613,5741,0,4800,,10.18
481,178,105.47,2.23,-0.21,0.01,3.97,0.31,-0.71,1.55,0,0,0,-105,-13,0,2613,5742,0,4810,,10.96
482,179,106.22,2.22,-0.2,0,4.02,0.31,-0.72,1.56,0,0,0,-106,-13,0,2613,5743,0,4820,,11.71
483,180,107.01,2.22,-0.2,0.02,4.05,0.32,-0.72,1.57,0,0,0,-106.5,-13.5,0,2613,5745,0,4830,,12.5
484,181,107.78,2.22,-0.2,0.01,4.09,0.32,-0.72,1.58,0,0,0,-107,-13.5,0,2613,5746,0,4840,,13.27
485,182,108.55,2.23,-0.21,0.01,4.12,0.33,-0.72,1.61,0,0,0,-108,-13.5,0,2613,5747,0,4850,,14.04
486,183,109.32,2.22,-0.2,0,4.16,0.33,-0.73,1.61,0,0,0,-109,-13,0,2613,5749,0,4860,,14.81
487,185,110.09,2.33,-0.2,0.01,4.19,0.34,-0.73,1.63,0,0,0,-110,-13.5,0,2613,5750,0,4870,,15.58
488,186,110.86,2.33,-0.21,0.01,4.23,0.33,-0.74,1.64,0,0,0,-110,-14,0,2613,5751,0,4880,,16.35
489,187,111.63,2.32,-0.21,0.01,4.26,0.35,-0.74,1.66,0,0,0,-110.5,-14.5,0,2613,5753,0,4890,,17.12
490,187,112.3,2.33,-0.22,0,4.31,0.38,-0.74,1.66,0,0,0,-112,-14.5,0,2613,5754,0,4900,,17.79
491,189,113.08,2.33,-0.21,0.01,4.34,0.38,-0.74,1.68,0,0,0,-112.5,-14.5,0,2613,5755,0,4910,,18.57
492,190,113.84,2.32,-0.2,0.01,4.37,0.38,-0.74,1.7,0,0,0,-113,-15,0,2613,5757,0,4920,,19.33
493,191,114.62,2.33,-0.2,0.01,4.42,0.38,-0.75,1.7,0,0,0,-114,-15,0,2613,5758,0,4930,,20.11
494,192,115.29,2.33,-0.2,0.01,4.44,0.4,-0.75,1.72,0,0,0,-114.5,-15,0,2613,5759,0,4940,,20.78
495,193,116.07,2.33,-0.2,0.01,4.49,0.4,-0.75,1.73,0,0,0,-115.5,-15.5,0,2613,5801,0,4950,,21.56
496,193,116.74,2.42,-0.2,0.01,4.51,0.4,-0.76,1.74,0,0,0,-116,-15.5,0,2613,5802,0,4960,,22.23
497,195,117.51,2.43,-0.21,-0.01,4.55,0.4,-0.77,1.75,0,0,0,-116.5,-15.5,0,2613,5803,0,4970,,23
498,195,118.19,2.43,-0.21,0.02,4.59,0.41,-0.77,1.77,0,0,0,-117.5,-15.5,0,2613,5804,0,4980,,23.68
499,197,118.97,2.44,-0.2,0.01,4.63,0.41,-0.77,1.78,0,0,0,-118,-16,0,2613,5806,0,4990,,24.46
500,197,119.63,2.43,-0.2,0.02,4.66,0.41,-0.77,1.8,0,0,0,-119,-16.5,0,2613,5807,0,5000,,25.12
501,197,120.41,2.44,-0.21,0.02,4.69,0.42,-0.78,1.8,0,0,0,-119.5,-17,0,2613,5808,0,5010,,25.9
502,198,121.1,2.44,-0.2,0.01,4.74,0.42,-0.78,1.82,0,0,0,-120,-16.5,0,2613,5810,0,5020,,26.59
503,201,121.87,2.43,-0.2,0.01,4.76,0.42,-0.79,1.85,0,0,0,-121.5,-17,0,2613,5811,0,5030,,27.36
504,202,122.64,2.43,-0.21,0.01,4.79,0.42,-0.79,1.85,0,0,0,-121,-16.5,0,2613,5812,0,5040,,28.13
505,201,123.41,2.46,-0.21,0.01,4.82,0.43,-0.8,1.86,0,0,0,-122.5,-17.5,0,2613,5814,0,5050,,28.9
506,203,124.09,2.53,-0.2,0.01,4.87,0.44,-0.8,1.89,0,0,0,-123,-17,0,2613,5815,0,5060,,29.58
507,203,124.86,2.33,-0.21,0.02,4.9,0.45,-0.8,1.91,0,0,0,-123.5,-17.5,0,2613,5816,0,5070,,30.35
508,204,125.64,2.33,-0.2,0,4.92,0.46,-0.81,1.91,0,0,0,-124.5,-17,0,2613,5817,0,5080,,31.13
509,205,126.41,2.33,-0.2,0,4.94,0.46,-0.81,1.92,0,0,0,-125,-18,0,2613,5819,0,5090,,31.9
510,205,127.18,2.33,-0.21,0.02,4.99,0.46,-0.82,1.92,0,0,0,-126,-17.5,0,2613,5820,0,5100,,32.67
511,207,127.96,2.33,-0.21,0.01,5.03,0.48,-0.82,1.95,0,0,0,-127,-17,0,2613,5821,0,5110,,33.45
512,208,128.73,2.34,-0.21,0.02,5.05,0.48,-0.83,1.95,0,0,0,-128,-17.5,0,2613,5823,0,5120,,34.22
513,209,129.49,2.34,-0.21,0.02,5.08,0.48,-0.83,1.97,0,0,0,-128.5,-17.5,0,2613,5824,0,5130,,34.98
514,210,130.18,2.34,-0.21,0.01,5.12,0.49,-0.84,1.99,0,0,0,-129,-17,0,2613,5825,0,5140,,35.67
515,209,130.96,2.36,-0.2,0.01,5.15,0.49,-0.84,1.99,0,0,0,-130.5,-18,0,2613,5827,0,5150,,36.45
516,211,131.73,2.36,-0.2,0.01,5.18,0.5,-0.84,2.02,0,0,0,-130.5,-17.5,0,2613,5828,0,5160,,37.22
517,212,132.41,2.38,-0.2,0.01,5.21,0.49,-0.85,2.03,0,0,0,-131,-17.5,0,2613,5829,0,5170,,37.9
518,213,133.18,2.33,-0.21,0.01,5.26,0.51,-0.85,2.04,0,0,0,-131.5,-17,0,2613,5831,0,5180,,38.67
519,214,133.96,2.33,-0.2,0.01,5.29,0.52,-0.86,2.06,0,0,0,-133,-17,0,2613,5832,0,5190,,39.45
520,214,134.73,2.32,-0.21,0.01,5.33,0.53,-0.87,2.07,0,0,0,-133,-17,0,2613,5833,0,5200,,40.22
521,216,135.41,2.33,-0.2,0.01,5.37,0.54,-0.87,2.08,0,0,0,-134,-17.5,0,2613,5835,0,5210,,40.9
522,217,136.18,2.41,-0.21,0.01,5.4,0.55,-0.87,2.09,0,0,0,-135,-18.5,0,2613,5836,0,5220,,41.67
523,217,136.87,2.43,-0.21,0,5.43,0.54,-0.87,2.11,0,0,0,-135.5,-18.5,0,2613,5837,0,5230,,42.36
524,220,137.55,2.43,-0.22,0.01,5.46,0.55,-0.88,2.12,0,0,0,-136,-19,0,2613,5839,0,5240,,43.04
525,220,138.25,2.43,-0.2,0.01,5.49,0.56,-0.89,2.13,0,0,0,-137.5,-19,0,2613,5840,0,5250,,43.74
526,220,139.01,2.44,-0.21,0.01,5.52,0.56,-0.89,2.14,0,0,0,-138,-19.5,0,2613,5841,0,5260,,44.5
527,220,139.68,2.44,-0.19,0.01,5.56,0.56,-0.93,2.15,0,0,0,-138,-19.5,0,2613,5842,0,5270,,45.17
528,221,140.46,2.43,-0.19,0.01,5.59,0.57,-0.94,2.17,0,0,0,-139.5,-19,0,2613,5844,0,5280,,45.95
529,223,141.14,2.44,-0.19,0.01,5.6,0.56,-0.94,2.18,0,0,0,-139.5,-18.5,0,2613,5845,0,5290,,46.63
530,224,141.91,2.43,-0.2,0.02,5.65,0.58,-0.94,2.19,0,0,0,-140.5,-19,0,2613,5846,0,5300,,47.4
531,225,142.7,2.44,-0.2,0.01,5.7,0.58,-0.95,2.21,0,0,0,-141.5,-19,0,2613,5847,0,5310,,48.19
532,225,143.38,2.43,-0.2,0.01,5.73,0.58,-0.96,2.22,0,0,0,-141.5,-19,0,2613,5849,0,5320,,48.87
533,225,144.06,2.5,-0.2,0.01,5.76,0.59,-0.96,2.24,0,0,0,-142.5,-19,0,2613,5850,0,5330,,49.55
534,227,144.94,2.54,-0.22,0.02,5.8,0.59,-0.95,2.27,0,0,0,-143.5,-19,0,2613,5852,0,5340,,50.43
535,229,145.63,2.54,-0.25,0,5.83,0.59,-0.97,2.27,0,0,0,-143.5,-19.5,0,2613,5853,0,5350,,51.12
536,229,146.3,2.53,-0.28,0,5.86,0.59,-0.97,2.29,0,0,0,-145,-19.5,0,2613,5854,0,5360,,51.79
537,231,146.99,2.53,-0.27,0.01,5.89,0.6,-0.97,2.3,0,0,0,-145.5,-20,0,2613,5855,0,5370,,52.48
538,231,147.76,2.54,-0.28,0.01,5.92,0.6,-0.99,2.31,0,0,0,-147,-20.5,0,2613,5857,0,5380,,53.25
539,232,148.44,2.53,-0.29,0.01,5.95,0.6,-0.99,2.33,0,0,0,-147,-20,0,2613,5858,0,5390,,53.93
540,232,149.23,2.54,-0.3,0.01,5.98,0.62,-1,2.33,0,0,0,-148.5,-20,0,2613,5859,0,5400,,54.72
541,234,149.92,2.53,-0.31,0.01,6.02,0.62,-1,2.34,0,0,0,-149.5,-21,0,2613,5901,0,5410,,55.41
542,234,150.61,2.54,-0.31,0.01,6.06,0.62,-1,2.36,0,0,0,-149.5,-19.5,0,2613,5902,0,5420,,56.1
543,234,151.39,2.57,-0.3,0.01,6.09,0.62,-1.01,2.37,0,0,0,-151,-20.5,0,2613,5903,0,5430,,56.88
544,236,152.06,2.64,-0.31,0.01,6.12,0.62,-1.01,2.39,0,0,0,-150.5,-20.5,0,2613,5904,0,5440,,57.55
545,237,152.75,2.64,-0.31,0.01,6.16,0.63,-1.02,2.4,0,0,0,-151,-20.5,0,2613,5906,0,5450,,58.24
546,237,153.45,2.64,-0.32,0,6.2,0.67,-1.02,2.42,0,0,0,-152,-20.5,0,2613,5907,0,5460,,58.94
547,240,154.19,2.64,-0.3,0.01,6.2,0.66,-1.02,2.42,0,0,0,-153,-20.5,0,2613,5908,0,5470,,59.68
548,239,154.9,2.63,-0.32,0,6.25,0.67,-1.03,2.43,0,0,0,-153.5,-21,0,2613,5909,0,5480,,60.39
549,239,155.59,2.62,-0.32,0,6.28,0.66,-1.03,2.44,0,0,0,-155,-21.5,0,2613,5911,0,5490,,61.08
550,242,156.26,2.64,-0.31,0.01,6.32,0.69,-1.03,2.47,0,0,0,-155.5,-21.5,0,2613,5912,0,5500,,61.75
551,242,157.01,2.64,-0.31,0.01,6.36,0.67,-1.03,2.47,0,0,0,-156,-21,0,2613,5913,0,5510,,62.5
552,241,157.73,2.67,-0.31,0.01,6.39,0.67,-1.04,2.49,0,0,0,-156,-21.5,0,2613,5914,0,5520,,63.22
553,244,158.42,2.74,-0.31,0.01,6.41,0.69,-1.04,2.52,0,0,0,-158,-21.5,0,2613,5916,0,5530,,63.91
554,244,159.2,2.76,-0.31,0.01,6.45,0.69,-1.05,2.53,0,0,0,-158,-20.5,0,2613,5917,0,5540,,64.69
555,246,159.89,2.75,-0.31,0.01,6.48,0.7,-1.06,2.55,0,0,0,-158.5,-21,0,2613,5918,0,5550,,65.38
556,245,160.58,2.75,-0.31,0.01,6.5,0.7,-1.06,2.56,0,0,0,-159,-21.5,0,2613,5919,0,5560,,66.07
557,246,161.26,2.74,-0.31,0.01,6.55,0.7,-1.07,2.57,0,0,0,-160.5,-21,0,2613,5921,0,5570,,66.75
558,247,162.06,2.74,-0.31,0,6.58,0.71,-1.07,2.59,0,0,0,-160.5,-21,0,2613,5922,0,5580,,67.55
559,248,162.74,2.75,-0.31,0.02,6.62,0.7,-1.07,2.6,0,0,0,-161,-21.5,0,2613,5923,0,5590,,68.23
560,250,163.43,2.77,-0.31,0.02,6.65,0.71,-1.08,2.61,0,0,0,-163,-21.5,0,2613,5925,0,5600,,68.92
561,250,164.21,2.85,-0.3,0.01,6.67,0.7,-1.08,2.62,0,0,0,-163,-21.5,0,2613,5926,0,5610,,69.7
562,251,164.91,2.85,-0.31,0.01,6.71,0.72,-1.08,2.64,0,0,0,-163,-22,0,2613,5927,0,5620,,70.4
563,251,165.6,2.85,-0.31,0.01,6.75,0.74,-1.08,2.65,0,0,0,-164,-21.5,0,2613,5928,0,5630,,71.09
564,253,166.29,2.86,-0.31,0.01,6.78,0.72,-1.09,2.67,0,0,0,-164.5,-22,0,2613,5930,0,5640,,71.78
565,253,166.97,2.85,-0.31,0.01,6.8,0.73,-1.09,2.68,0,0,0,-165.5,-22,0,2613,5931,0,5650,,72.46
566,253,167.66,2.85,-0.32,0.01,6.83,0.73,-1.1,2.69,0,0,0,-165.5,-22,0,2613,5932,0,5660,,73.15
567,254,168.35,2.85,-0.31,0.01,6.87,0.74,-1.1,2.71,0,0,0,-167,-21.5,0,2613,5933,0,5670,,73.84
568,255,169.04,2.89,-0.32,0,6.9,0.74,-1.11,2.71,0,0,0,-167.5,-22,0,2613,5935,0,5680,,74.53
569,255,169.72,2.95,-0.31,0.01,6.94,0.74,-1.1,2.73,0,0,0,-168.5,-22.5,0,2613,5936,0,5690,,75.21
570,257,170.52,2.95,-0.31,0,6.98,0.75,-1.12,2.75,0,0,0,-169,-22,0,2613,5937,0,5700,,76.01
571,256,171.21,2.95,-0.31,0.01,7,0.76,-1.12,2.77,0,0,0,-170,-22.5,0,2613,5939,0,5710,,76.7
572,258,171.99,2.95,-0.31,0,7.04,0.77,-1.16,2.78,0,0,0,-171,-22.5,0,2613,5940,0,5720,,77.48
573,258,172.73,2.95,-0.32,0.01,7.07,0.76,-1.18,2.8,0,0,0,-171.5,-22.5,0,2613,5941,0,5730,,78.22
574,258,173.48,2.95,-0.31,0,7.1,0.77,-1.17,2.82,0,0,0,-172.5,-23,0,2613,5943,0,5740,,78.97
575,260,174.18,3.03,-0.32,0.01,7.14,0.78,-1.17,2.83,0,0,0,-172.5,-23,0,2613,5944,0,5750,,79.67
576,261,174.96,3.05,-0.32,0.01,7.17,0.76,-1.19,2.84,0,0,0,-173.5,-23,0,2613,5945,0,5760,,80.45
577,261,175.67,3.06,-0.32,0.01,7.21,0.77,-1.18,2.86,0,0,0,-175,-23,0,2613,5947,0,5770,,81.16
578,263,176.64,3.07,-0.31,0,7.26,0.81,-1.19,2.87,0,0,0,-175.5,-23,0,2613,5948,0,5780,,82.13
579,264,177.52,3.05,-0.31,0.01,7.29,0.81,-1.2,2.9,0,0,0,-176,-23.5,0,2613,5950,0,5790,,83.01
580,266,178.23,3.06,-0.3,0.01,7.31,0.81,-1.21,2.9,0,0,0,-176.5,-23.5,0,2613,5951,0,5800,,83.72
581,266,178.92,3.06,-0.32,0,7.35,0.82,-1.21,2.92,0,0,0,-177,-23,0,2613,5952,0,5810,,84.41
582,265,179.71,3.16,-0.32,0.01,7.39,0.82,-1.21,2.94,0,0,0,-178,-23,0,2613,5954,0,5820,,85.2
583,267,180.41,3.15,-0.32,0.02,7.42,0.83,-1.21,2.95,0,0,0,-178.5,-23,0,2613,5955,0,5830,,85.9
584,268,181.09,3.17,-0.31,0,7.46,0.82,-1.22,2.96,0,0,0,-179,-23.5,0,2613,5956,0,5840,,86.58
585,269,181.8,3.16,-0.32,0,7.49,0.83,-1.23,2.97,0,0,0,-179.5,-24,0,2613,5957,0,5850,,87.29
586,269,182.48,3.17,-0.31,0.01,7.51,0.84,-1.23,2.98,0,0,0,-180.5,-24,0,2613,5959,0,5860,,87.97
587,270,183.19,3.17,-0.32,0,7.55,0.83,-1.23,3,0,0,0,-181,-23.5,0,2614,0,0,5870,,88.68
588,270,183.98,3.17,-0.31,0,7.58,0.85,-1.24,3.01,0,0,0,-181.5,-23.5,0,2614,1,0,5880,,89.47
589,272,184.66,3.27,-0.31,0.01,7.62,0.84,-1.23,3.02,0,0,0,-183,-23.5,0,2614,3,0,5890,,90.15
590,272,185.37,3.26,-0.31,0.01,7.65,0.85,-1.25,3.04,0,0,0,-183.5,-23.5,0,2614,4,0,5900,,90.86
591,274,186.15,3.27,-0.32,0,7.69,0.86,-1.25,3.07,0,0,0,-184,-23.5,0,2614,5,0,5910,,91.64
592,273,186.86,3.26,-0.31,0.01,7.71,0.86,-1.26,3.09,0,0,0,-185.5,-23.5,0,2614,7,0,5920,,92.35
593,274,187.55,3.27,-0.32,0.01,7.76,0.85,-1.26,3.1,0,0,0,-185.5,-23.5,0,2614,8,0,5930,,93.04
594,276,188.35,3.26,-0.31,0.01,7.78,0.87,-1.26,3.12,0,0,0,-186.5,-23.5,0,2614,9,0,5940,,93.84
595,277,189.05,3.29,-0.32,0,7.81,0.87,-1.27,3.13,0,0,0,-188,-23.5,0,2614,10,0,5950,,94.54
596,257,189.45,3.57,-0.3,-0.01,7.79,0.86,-1.36,3.11,0,0,0,-186,-25.5,0,2614,524,0,5960,,94.94
597,251,188.84,3.57,-0.31,0.01,7.72,0.88,-1.36,3.11,0,0,0,-185,-25.5,0,2614,526,0,5970,,94.33
598,247,188.09,3.48,-0.3,0.01,7.71,0.89,-1.37,3.09,0,0,0,-184.5,-25.5,0,2614,527,0,5980,,93.58
599,245,187.35,3.47,-0.31,0.01,7.68,0.89,-1.37,3.07,0,0,0,-183.5,-25,0,2614,528,0,5990,,92.84
600,242,186.55,3.48,-0.31,0,7.65,0.89,-1.37,3.05,0,0,0,-183,-24.5,0,2614,530,0,6000,,92.04
601,239,185.86,3.47,-0.31,0,7.62,0.88,-1.37,3.04,0,0,0,-182.5,-23.5,0,2614,531,0,6010,,91.35
602,236,185.07,3.47,-0.32,0.01,7.61,0.88,-1.37,3.02,0,0,0,-181.5,-23,0,2614,532,0,6020,,90.56
603,235,184.37,3.48,-0.31,0.01,7.57,0.88,-1.37,3,0,0,0,-181,-23,0,2614,533,0,6030,,89.86
604,233,183.68,3.48,-0.31,0.02,7.54,0.89,-1.37,2.99,0,0,0,-180.5,-23.5,0,2614,535,0,6040,,89.17
605,231,182.99,3.48,-0.31,0.01,7.51,0.89,-1.37,2.97,0,0,0,-179.5,-23.5,0,2614,536,0,6050,,88.48
606,228,182.19,3.47,-0.32,0,7.47,0.9,-1.37,2.95,0,0,0,-178.5,-24,0,2614,537,0,6060,,87.68
607,225,181.51,3.38,-0.32,0.01,7.43,0.88,-1.37,2.93,0,0,0,-178,-24,0,2614,538,0,6070,,87
608,224,180.7,3.38,-0.31,0.01,7.39,0.89,-1.37,2.91,0,0,0,-177,-24,0,2614,540,0,6080,,86.19
609,222,180.01,3.38,-0.3,0,7.37,0.89,-1.36,2.89,0,0,0,-177,-24,0,2614,541,0,6090,,85.5
610,221,179.02,3.37,-0.29,0.01,7.31,0.89,-1.36,2.87,0,0,0,-176,-24,0,2614,543,0,6100,,84.51
611,218,178.23,3.37,-0.31,0,7.26,0.89,-1.37,2.86,0,0,0,-175,-23.5,0,2614,544,0,6110,,83.72
612,215,177.32,3.37,-0.3,0.01,7.22,0.9,-1.35,2.84,0,0,0,-174.5,-23.5,0,2614,546,0,6120,,82.81
613,212,176.65,3.38,-0.3,0.01,7.16,0.89,-1.37,2.81,0,0,0,-173.5,-24,0,2614,547,0,6130,,82.14
614,211,175.95,3.37,-0.3,0.01,7.13,0.88,-1.36,2.79,0,0,0,-173,-23.5,0,2614,548,0,6140,,81.44
615,210,175.15,3.37,-0.3,0,7.09,0.89,-1.37,2.79,0,0,0,-172,-23.5,0,2614,549,0,6150,,80.64
616,207,174.44,3.35,-0.3,0.01,7.04,0.9,-1.37,2.76,0,0,0,-171.5,-23.5,0,2614,551,0,6160,,79.93
617,204,173.67,3.27,-0.3,0.01,7,0.89,-1.36,2.75,0,0,0,-171.5,-23,0,2614,552,0,6170,,79.16
618,203,172.69,3.27,-0.3,0.01,6.94,0.89,-1.35,2.72,0,0,0,-169.5,-23,0,2614,554,0,6180,,78.18
619,201,171.9,3.27,-0.3,0.02,6.91,0.89,-1.35,2.7,0,0,0,-169.5,-23,0,2614,555,0,6190,,77.39
620,201,171.19,3.26,-0.32,0,6.86,0.89,-1.35,2.69,0,0,0,-168,-22.5,0,2614,556,0,6200,,76.68
621,197,170.41,3.27,-0.3,0,6.81,0.88,-1.35,2.67,0,0,0,-167.5,-22.5,0,2614,558,0,6210,,75.9
622,197,169.64,3.27,-0.3,0.02,6.76,0.89,-1.34,2.66,0,0,0,-167,-22,0,2614,559,0,6220,,75.13
623,194,168.94,3.28,-0.3,0.01,6.71,0.88,-1.34,2.63,0,0,0,-166,-21.5,0,2614,600,0,6230,,74.43
624,193,168.25,3.27,-0.3,0.01,6.66,0.89,-1.34,2.62,0,0,0,-166,-21.5,0,2614,602,0,6240,,73.74
625,193,167.46,3.27,-0.3,0.01,6.62,0.89,-1.33,2.61,0,0,0,-164.5,-21.5,0,2614,603,0,6250,,72.95
626,189,166.67,3.27,-0.32,0,6.58,0.89,-1.32,2.59,0,0,0,-164,-21,0,2614,604,0,6260,,72.16
627,186,165.97,3.25,-0.3,0.01,6.54,0.88,-1.32,2.56,0,0,0,-162.5,-21.5,0,2614,605,0,6270,,71.46
628,186,165.2,3.16,-0.31,0.02,6.48,0.89,-1.32,2.56,0,0,0,-162,-21,0,2614,607,0,6280,,70.69
629,185,164.51,3.17,-0.3,0.01,6.43,0.89,-1.32,2.54,0,0,0,-161.5,-21,0,2614,608,0,6290,,70
630,183,163.73,3.16,-0.3,0.01,6.37,0.89,-1.31,2.51,0,0,0,-160.5,-21,0,2614,610,0,6300,,69.22
631,180,162.93,3.16,-0.3,0.01,6.33,0.88,-1.3,2.5,0,0,0,-160,-21,0,2614,611,0,6310,,68.42
632,179,162.15,3.16,-0.3,0.01,6.27,0.88,-1.3,2.48,0,0,0,-159,-21,0,2614,612,0,6320,,67.64
633,175,161.44,3.18,-0.3,0.01,6.23,0.88,-1.3,2.47,0,0,0,-159,-21.5,0,2614,613,0,6330,,66.93
634,176,160.68,3.16,-0.31,0.01,6.19,0.89,-1.3,2.45,0,0,0,-158,-22,0,2614,615,0,6340,,66.17
635,176,159.99,3.17,-0.3,0.01,6.14,0.88,-1.29,2.45,0,0,0,-156,-21,0,2614,616,0,6350,,65.48
636,174,159.21,3.17,-0.3,0.01,6.08,0.88,-1.29,2.42,0,0,0,-156.5,-20.5,0,2614,617,0,6360,,64.7
637,170,158.46,3.17,-0.32,0.02,6.04,0.88,-1.29,2.4,0,0,0,-155,-20,0,2614,619,0,6370,,63.95
638,170,157.73,3.12,-0.31,0.01,5.99,0.89,-1.28,2.39,0,0,0,-154.5,-19.5,0,2614,620,0,6380,,63.22
639,165,157.05,3.07,-0.3,0,5.94,0.88,-1.28,2.37,0,0,0,-154,-19.5,0,2614,621,0,6390,,62.54
640,166,156.28,3.06,-0.31,0.01,5.88,0.88,-1.27,2.35,0,0,0,-153,-19,0,2614,622,0,6400,,61.77
641,165,155.49,3.06,-0.31,0.01,5.84,0.88,-1.27,2.34,0,0,0,-152.5,-19.5,0,2614,624,0,6410,,60.98
642,162,154.7,3.06,-0.29,0.01,5.79,0.88,-1.26,2.32,0,0,0,-151.5,-20,0,2614,625,0,6420,,60.19
643,162,153.92,3.06,-0.32,0,5.74,0.88,-1.26,2.31,0,0,0,-151,-19.5,0,2614,626,0,6430,,59.41
644,161,153.24,3.06,-0.3,0.01,5.69,0.88,-1.25,2.3,0,0,0,-151,-19,0,2614,628,0,6440,,58.73
645,158,152.55,3.06,-0.31,0.01,5.64,0.87,-1.25,2.28,0,0,0,-149,-19,0,2614,629,0,6450,,58.04
646,157,151.78,3.06,-0.31,0.01,5.59,0.88,-1.24,2.27,0,0,0,-148.5,-19,0,2614,630,0,6460,,57.27
647,155,151.09,3.06,-0.32,0.01,5.55,0.88,-1.25,2.25,0,0,0,-147.5,-18,0,2614,631,0,6470,,56.58
648,153,150.31,3.05,-0.31,0.01,5.49,0.88,-1.24,2.23,0,0,0,-147.5,-18,0,2614,633,0,6480,,55.8
649,152,149.63,2.97,-0.31,0.01,5.45,0.88,-1.23,2.21,0,0,0,-146,-17.5,0,2614,634,0,6490,,55.12
650,151,148.84,2.95,-0.31,0.01,5.4,0.87,-1.23,2.21,0,0,0,-145.5,-17.5,0,2614,635,0,6500,,54.33
651,151,148.16,2.95,-0.31,0.01,5.35,0.88,-1.22,2.19,0,0,0,-145,-17.5,0,2614,637,0,6510,,53.65
652,147,147.47,2.96,-0.31,0,5.31,0.88,-1.22,2.18,0,0,0,-144,-18,0,2614,638,0,6520,,52.96
653,147,146.72,2.95,-0.31,0.01,5.26,0.88,-1.22,2.16,0,0,0,-143,-18,0,2614,639,0,6530,,52.21
654,146,145.92,2.96,-0.32,0,5.2,0.88,-1.21,2.14,0,0,0,-142.5,-17.5,0,2614,640,0,6540,,51.41
655,144,145.22,2.95,-0.31,0.01,5.17,0.88,-1.21,2.13,0,0,0,-140.5,-18,0,2614,642,0,6550,,50.71
656,142,144.54,2.96,-0.31,0,5.12,0.88,-1.2,2.12,0,0,0,-141,-17.5,0,2614,643,0,6560,,50.03
657,139,143.77,2.95,-0.31,0.01,5.08,0.88,-1.2,2.1,0,0,0,-140,-17.5,0,2614,644,0,6570,,49.26
658,139,142.98,2.94,-0.31,0.01,5.04,0.88,-1.19,2.09,0,0,0,-139.5,-17.5,0,2614,646,0,6580,,48.47
659,138,142.3,2.9,-0.31,0.01,4.99,0.87,-1.19,2.06,0,0,0,-139,-17.5,0,2614,647,0,6590,,47.79
660,136,141.53,2.86,-0.31,0.01,4.94,0.87,-1.19,2.06,0,0,0,-137.5,-17,0,2614,648,0,6600,,47.02
661,134,140.75,2.85,-0.3,0.01,4.89,0.88,-1.19,2.04,0,0,0,-137.5,-17.5,0,2614,649,0,6610,,46.24
662,134,140.06,2.84,-0.32,0.01,4.85,0.88,-1.18,2.03,0,0,0,-136.5,-16.5,0,2614,651,0,6620,,45.55
663,132,139.38,2.85,-0.3,0.03,4.8,0.88,-1.18,2,0,0,0,-135.5,-17,0,2614,652,0,6630,,44.87
664,128,138.62,2.86,-0.3,0.01,4.77,0.88,-1.17,1.99,0,0,0,-134.5,-17.5,0,2614,653,0,6640,,44.11
665,128,137.83,2.86,-0.31,0.02,4.73,0.88,-1.16,1.97,0,0,0,-133.5,-18,0,2614,654,0,6650,,43.32
666,127,137.06,2.87,-0.29,0.03,4.68,0.88,-1.16,1.96,0,0,0,-133,-17.5,0,2614,656,0,6660,,42.55
667,126,136.28,2.85,-0.31,0.02,4.63,0.88,-1.16,1.95,0,0,0,-132.5,-17,0,2614,657,0,6670,,41.77
668,124,135.5,2.86,-0.3,0.02,4.59,0.87,-1.15,1.94,0,0,0,-132,-16.5,0,2614,658,0,6680,,40.99
669,121,134.78,2.81,-0.31,0.02,4.55,0.87,-1.16,1.91,0,0,0,-130.5,-16,0,2614,700,0,6690,,40.27
670,121,133.95,2.75,-0.29,0.02,4.49,0.87,-1.14,1.9,0,0,0,-130.5,-16,0,2614,701,0,6700,,39.44
671,119,133.19,2.75,-0.3,0.01,4.46,0.89,-1.13,1.89,0,0,0,-129.5,-16,0,2614,702,0,6710,,38.68
672,118,132.5,2.74,-0.31,0.01,4.41,0.87,-1.13,1.86,0,0,0,-128.5,-16,0,2614,704,0,6720,,37.99
673,117,131.73,2.74,-0.31,0.01,4.36,0.87,-1.13,1.86,0,0,0,-128.5,-16,0,2614,705,0,6730,,37.22
674,114,130.95,2.75,-0.31,0.01,4.31,0.88,-1.12,1.84,0,0,0,-127,-15.5,0,2614,706,0,6740,,36.44
675,113,130.19,2.74,-0.31,0.02,4.27,0.87,-1.13,1.84,0,0,0,-126,-15,0,2614,708,0,6750,,35.68
676,112,129.5,2.75,-0.32,0.01,4.22,0.87,-1.13,1.82,0,0,0,-125.5,-14.5,0,2614,709,0,6760,,34.99
677,109,128.73,2.75,-0.31,0.01,4.17,0.87,-1.12,1.8,0,0,0,-125,-14.5,0,2614,710,0,6770,,34.22
678,109,127.85,2.69,-0.31,0.02,4.11,0.87,-1.11,1.78,0,0,0,-124,-15,0,2614,712,0,6780,,33.34
679,107,127.08,2.64,-0.3,0.02,4.08,0.87,-1.1,1.77,0,0,0,-123.5,-15,0,2614,713,0,6790,,32.57
680,104,126.31,2.64,-0.31,0.01,4.04,0.86,-1.1,1.75,0,0,0,-122.5,-15,0,2614,714,0,6800,,31.8
681,104,125.54,2.64,-0.3,0.02,3.99,0.86,-1.1,1.74,0,0,0,-121.5,-15,0,2614,716,0,6810,,31.03
682,103,124.76,2.65,-0.3,0.02,3.95,0.88,-1.09,1.73,0,0,0,-121,-15.5,0,2614,717,0,6820,,30.25
683,101,123.99,2.64,-0.3,0.02,3.91,0.86,-1.09,1.72,0,0,0,-121,-15,0,2614,718,0,6830,,29.48
684,101,123.22,2.65,-0.28,0.02,3.85,0.86,-1.08,1.69,0,0,0,-119,-15,0,2614,720,0,6840,,28.71
685,99,122.44,2.63,-0.25,0,3.79,0.86,-1.08,1.66,0,0,0,-119,-15,0,2614,721,0,6850,,27.93
686,97,121.66,2.64,-0.19,0.01,3.75,0.86,-1.08,1.66,0,0,0,-118,-14.5,0,2614,722,0,6860,,27.15
687,95,120.9,2.59,-0.19,0.02,3.71,0.86,-1.07,1.64,0,0,0,-116.5,-15,0,2614,724,0,6870,,26.39
688,94,120.12,2.55,-0.19,0,3.66,0.86,-1.07,1.63,0,0,0,-116,-14.5,0,2614,725,0,6880,,25.61
689,92,119.36,2.55,-0.19,0.02,3.61,0.85,-1.07,1.61,0,0,0,-115.5,-15,0,2614,726,0,6890,,24.85
690,92,118.58,2.54,-0.19,0.01,3.57,0.85,-1.07,1.6,0,0,0,-115,-14,0,2614,728,0,6900,,24.07
691,90,117.81,2.54,-0.2,0.01,3.53,0.84,-1.06,1.59,0,0,0,-114,-14,0,2614,729,0,6910,,23.3
692,88,117.13,2.54,-0.2,0.01,3.48,0.85,-1.05,1.59,0,0,0,-113,-14,0,2614,730,0,6920,,22.62
693,88,116.36,2.54,-0.2,0,3.44,0.86,-1.05,1.57,0,0,0,-112.5,-13.5,0,2614,732,0,6930,,21.85
694,86,115.59,2.54,-0.2,0.01,3.38,0.85,-1.04,1.55,0,0,0,-111.5,-13.5,0,2614,733,0,6940,,21.08
695,85,114.82,2.55,-0.2,0.01,3.33,0.85,-1.04,1.53,0,0,0,-111.5,-13.5,0,2614,734,0,6950,,20.31
696,84,114.02,2.48,-0.2,0.01,3.29,0.85,-1.03,1.53,0,0,0,-110,-13.5,0,2614,735,0,6960,,19.51
697,80,113.27,2.44,-0.2,0.02,3.24,0.85,-1.03,1.51,0,0,0,-109,-14,0,2614,737,0,6970,,18.76
698,80,112.5,2.43,-0.19,0.01,3.19,0.85,-1.04,1.49,0,0,0,-108,-14,0,2614,738,0,6980,,17.99
699,79,111.73,2.44,-0.2,0.01,3.15,0.84,-1.03,1.48,0,0,0,-107.5,-13.5,0,2614,739,0,6990,,17.22
700,77,110.95,2.44,-0.2,0.01,3.1,0.84,-1.02,1.47,0,0,0,-107.5,-13.5,0,2614,741,0,7000,,16.44
701,76,110.2,2.44,-0.2,0.02,3.06,0.84,-1.02,1.45,0,0,0,-106,-13.5,0,2614,742,0,7010,,15.69
702,74,109.41,2.44,-0.2,0.01,3.01,0.84,-1.01,1.44,0,0,0,-105.5,-13.5,0,2614,743,0,7020,,14.9
703,73,108.64,2.44,-0.19,0.02,2.97,0.85,-1.01,1.43,0,0,0,-104,-13,0,2614,745,0,7030,,14.13
704,73,107.87,2.43,-0.2,0.01,2.93,0.84,-1,1.42,0,0,0,-104,-13,0,2614,746,0,7040,,13.36
705,70,107.1,2.33,-0.2,0.01,2.88,0.84,-0.99,1.4,0,0,0,-103,-13,0,2614,747,0,7050,,12.59
706,69,106.32,2.32,-0.19,0.01,2.82,0.84,-0.99,1.4,0,0,0,-102.5,-13.5,0,2614,749,0,7060,,11.81
707,67,105.57,2.34,-0.2,0.01,2.77,0.83,-0.99,1.38,0,0,0,-101.5,-13.5,0,2614,750,0,7070,,11.06
708,65,104.78,2.33,-0.2,0.01,2.74,0.84,-0.98,1.36,0,0,0,-100,-12.5,0,2614,751,0,7080,,10.27
709,64,104.01,2.33,-0.21,0.01,2.7,0.84,-0.97,1.35,0,0,0,-99.5,-13,0,2614,753,0,7090,,9.5
710,63,103.25,2.32,-0.2,0.01,2.65,0.84,-0.97,1.34,0,0,0,-99,-13,0,2614,754,0,7100,,8.74
711,60,102.49,2.33,-0.21,0.01,2.61,0.84,-0.96,1.31,0,0,0,-98,-12.5,0,2614,755,0,7110,,7.98
712,60,101.71,2.31,-0.2,0.01,2.57,0.83,-0.96,1.3,0,0,0,-97.5,-12,0,2614,757,0,7120,,7.2
713,59,100.94,2.23,-0.19,0.01,2.53,0.83,-0.96,1.29,0,0,0,-97,-12,0,2614,758,0,7130,,6.43
714,58,100.18,2.23,-0.19,0.01,2.47,0.83,-0.95,1.27,0,0,0,-96,-12,0,2614,759,0,7140,,5.67
715,56,99.4,2.23,-0.2,0.01,2.43,0.82,-0.95,1.25,0,0,0,-95,-11,0,2614,800,0,7150,,4.89
716,55,98.62,2.22,-0.2,0.01,2.4,0.83,-0.95,1.25,0,0,0,-94.5,-11.5,0,2614,802,0,7160,,4.11
717,54,97.87,2.23,-0.2,0,2.35,0.83,-0.94,1.24,0,0,0,-93.5,-11,0,2614,803,0,7170,,3.36
718,53,97.09,2.22,-0.19,0.01,2.31,0.83,-0.94,1.21,0,0,0,-93,-11,0,2614,804,0,7180,,2.58
719,51,96.32,2.21,-0.21,0.01,2.29,0.83,-0.93,1.21,0,0,0,-92,-11,0,2614,806,0,7190,,1.81
720,50,95.55,2.12,-0.2,0.01,2.24,0.82,-0.93,1.2,0,0,0,-91.5,-10.5,0,2614,807,0,7200,,1.04
721,48,94.69,2.12,-0.2,0.02,2.21,0.82,-0.92,1.18,0,0,0,-90.5,-11,0,2614,808,0,7210,,0.18
722,47,93.93,2.12,-0.2,0.01,2.18,0.82,-0.91,1.16,0,0,0,-90,-11,0,2614,810,0,7220,,-0.58
723,45,92.86,2.1,-0.2,0.02,2.14,0.82,-0.9,1.15,0,0,0,-89,-10.5,0,2614,812,0,7230,,-1.65
724,43,92.1,2.12,-0.2,-0.01,2.11,0.82,-0.9,1.14,0,0,0,-88,-10.5,0,2614,813,0,7240,,-2.41
725,43,91.04,2.02,-0.21,0,2.08,0.82,-0.88,1.12,0,0,0,-87,-10,0,2614,846,0,7250,,-3.47
726,41,90.16,2,-0.22,0,2.05,0.82,-0.86,1.09,0,0,0,-86,-10,0,2614,847,0,7260,,-4.35
727,40,89.41,2.01,-0.21,0.01,2.02,0.82,-0.86,1.09,0,0,0,-85.5,-10,0,2614,849,0,7270,,-5.1
728,38,88.64,2.01,-0.21,-0.01,2,0.82,-0.85,1.09,0,0,0,-84.5,-11,0,2614,850,0,7280,,-5.87
729,36,87.86,2.01,-0.2,0,1.98,0.82,-0.84,1.06,0,0,0,-83.5,-10.5,0,2614,851,0,7290,,-6.65
730,36,87.09,2,-0.2,0.01,1.96,0.81,-0.84,1.06,0,0,0,-83.5,-10.5,0,2614,853,0,7300,,-7.42
731,34,86.33,2.01,-0.2,0.01,1.93,0.81,-0.82,1.05,0,0,0,-82.5,-11,0,2614,854,0,7310,,-8.18
732,31,85.56,1.91,-0.2,0.02,1.89,0.81,-0.83,1.02,0,0,0,-81.5,-10.5,0,2614,855,0,7320,,-8.95
733,31,84.78,1.91,-0.19,0.01,1.87,0.8,-0.82,1.01,0,0,0,-80.5,-10,0,2614,857,0,7330,,-9.73
734,30,84.02,1.92,-0.19,0.01,1.85,0.8,-0.81,1,0,0,0,-80,-10.5,0,2614,858,0,7340,,-10.49
735,29,83.25,1.91,-0.2,0.01,1.83,0.8,-0.81,1,0,0,0,-79,-10,0,2614,859,0,7350,,-11.26
736,28,82.48,1.9,-0.2,0.01,1.8,0.8,-0.8,0.99,0,0,0,-78.5,-9.5,0,2614,900,0,7360,,-12.03
737,25,81.71,1.9,-0.2,0.01,1.78,0.8,-0.79,0.97,0,0,0,-77.5,-10.5,0,2614,902,0,7370,,-12.8
738,24,80.94,1.8,-0.2,0,1.76,0.79,-0.78,0.96,0,0,0,-76.5,-10.5,0,2614,903,0,7380,,-13.57
739,22,80.18,1.8,-0.19,0,1.75,0.78,-0.78,0.94,0,0,0,-76,-10,0,2614,904,0,7390,,-14.33
740,24,79.4,1.8,-0.14,0.01,1.72,0.78,-0.77,0.94,0,0,0,-75,-9,0,2614,906,0,7400,,-15.11
741,21,78.63,1.79,-0.07,0.01,1.7,0.78,-0.76,0.9,0,0,0,-74.5,-9,0,2614,907,0,7410,,-15.88
742,20,77.87,1.8,-0.08,0,1.69,0.78,-0.75,0.91,0,0,0,-73.5,-9,0,2614,908,0,7420,,-16.64
743,19,77,1.79,-0.09,0.01,1.67,0.8,-0.73,0.9,0,0,0,-73,-9,0,2614,910,0,7430,,-17.51
744,17,76.23,1.7,-0.09,0.01,1.64,0.77,-0.73,0.9,0,0,0,-72.5,-9,0,2614,911,0,7440,,-18.28
745,15,75.47,1.69,-0.1,0.01,1.63,0.78,-0.72,0.88,0,0,0,-71.5,-8.5,0,2614,912,0,7450,,-19.04
746,16,74.71,1.69,-0.1,0,1.61,0.77,-0.71,0.88,0,0,0,-71,-8,0,2614,914,0,7460,,-19.8
747,14,73.94,1.68,-0.08,0.01,1.58,0.76,-0.7,0.87,0,0,0,-69.5,-8.5,0,2614,915,0,7470,,-20.57
748,14,73.16,1.69,-0.08,0.01,1.56,0.76,-0.69,0.86,0,0,0,-69.5,-9,0,2614,916,0,7480,,-21.35
749,13,72.39,1.59,-0.09,0,1.55,0.76,-0.69,0.85,0,0,0,-68.5,-8.5,0,2614,918,0,7490,,-22.12
750,11,71.43,1.59,-0.09,0.01,1.53,0.76,-0.66,0.84,0,0,0,-67.5,-8,0,2614,919,0,7500,,-23.08
751,10,70.68,1.59,-0.1,0.01,1.5,0.75,-0.66,0.83,0,0,0,-67,-8,0,2614,920,0,7510,,-23.83
752,9,69.94,1.59,-0.1,0.01,1.49,0.75,-0.64,0.81,0,0,0,-66,-8,0,2614,922,0,7520,,-24.57
753,8,69.21,1.48,-0.1,0.01,1.47,0.74,-0.62,0.8,0,0,0,-66,-8.5,0,2614,923,0,7530,,-25.3
754,6,68.45,1.48,-0.1,0.01,1.45,0.74,-0.61,0.79,0,0,0,-65,-8.5,0,2614,924,0,7540,,-26.06
755,6,67.67,1.49,-0.1,0,1.43,0.73,-0.59,0.78,0,0,0,-64.5,-8,0,2614,926,0,7550,,-26.84
756,6,66.9,1.49,-0.09,0.01,1.43,0.73,-0.59,0.77,0,0,0,-63,-8,0,2614,927,0,7560,,-27.61
757,4,66.13,1.48,-0.1,0.01,1.42,0.73,-0.57,0.76,0,0,0,-62.5,-8,0,2614,928,0,7570,,-28.38
758,2,65.36,1.48,-0.1,0.01,1.4,0.72,-0.56,0.75,0,0,0,-62,-8,0,2614,930,0,7580,,-29.15
759,3,64.68,1.49,-0.1,0.01,1.39,0.72,-0.56,0.73,0,0,0,-60.5,-7.5,0,2614,931,0,7590,,-29.83
760,1,63.91,1.48,-0.09,0.01,1.37,0.72,-0.54,0.73,0,0,0,-60.5,-7,0,2614,932,0,7600,,-30.6
761,2,63.13,1.38,-0.1,0.01,1.36,0.71,-0.52,0.72,0,0,0,-60,-6.5,0,2614,934,0,7610,,-31.38
762,0,62.27,1.39,-0.09,0.01,1.34,0.71,-0.51,0.71,0,0,0,-59,-7,0,2614,935,0,7620,,-32.24
763,-2,61.5,1.39,-0.1,0.02,1.3,0.7,-0.46,0.65,0,0,0,-58,-7,0,2614,936,0,7630,,-33.01
764,-3,60.59,1.39,-0.1,0.01,1.27,0.7,-0.43,0.63,0,0,0,-57,-6.5,0,2614,938,0,7640,,-33.92
765,-3,59.77,1.38,-0.09,0.02,1.27,0.71,-0.4,0.62,0,0,0,-57,-6,0,2614,939,0,7650,,-34.74
766,-4,58.98,1.38,-0.1,0.01,1.26,0.7,-0.37,0.6,0,0,0,-55.5,-6.5,0,2614,941,0,7660,,-35.53
,,,,,,,,,,,,,,,,,,,,,
